freq,unit,geo,time,value
A,PC_HH,AL,2018,82.79
A,PC_HH,AL,2019,85.45
A,PC_HH,AL,2020,87.15
A,PC_HH,AL,2021,90.87
A,PC_HH,AT,2010,63.7
A,PC_HH,AT,2011,71.98
A,PC_HH,AT,2012,77.41
A,PC_HH,AT,2013,79.79
A,PC_HH,AT,2014,79.38
A,PC_HH,AT,2015,80.91
A,PC_HH,AT,2016,85.09
A,PC_HH,AT,2017,88.38
A,PC_HH,AT,2018,87.69
A,PC_HH,AT,2019,89.33
A,PC_HH,AT,2020,89.29
A,PC_HH,AT,2021,91.01
A,PC_HH,AT1,2010,65.27
A,PC_HH,AT1,2011,73.64
A,PC_HH,AT1,2012,78.57
A,PC_HH,AT1,2013,79.0
A,PC_HH,AT1,2014,79.86
A,PC_HH,AT1,2015,82.8
A,PC_HH,AT1,2016,85.65
A,PC_HH,AT1,2017,88.55
A,PC_HH,AT1,2018,87.61
A,PC_HH,AT1,2019,90.95
A,PC_HH,AT1,2020,90.92
A,PC_HH,AT1,2021,91.64
A,PC_HH,AT11,2010,62.87
A,PC_HH,AT11,2011,67.31
A,PC_HH,AT11,2012,73.06
A,PC_HH,AT11,2013,78.42
A,PC_HH,AT11,2014,80.23
A,PC_HH,AT11,2016,82.54
A,PC_HH,AT11,2017,85.05
A,PC_HH,AT11,2018,88.81
A,PC_HH,AT11,2019,87.01
A,PC_HH,AT11,2020,86.45
A,PC_HH,AT11,2021,90.7
A,PC_HH,AT12,2010,62.2
A,PC_HH,AT12,2011,73.86
A,PC_HH,AT12,2012,75.34
A,PC_HH,AT12,2013,74.12
A,PC_HH,AT12,2014,76.17
A,PC_HH,AT12,2016,82.53
A,PC_HH,AT12,2017,88.86
A,PC_HH,AT12,2018,84.54
A,PC_HH,AT12,2019,91.01
A,PC_HH,AT12,2020,90.4
A,PC_HH,AT12,2021,90.7
A,PC_HH,AT13,2010,68.0
A,PC_HH,AT13,2011,74.31
A,PC_HH,AT13,2012,81.78
A,PC_HH,AT13,2013,82.83
A,PC_HH,AT13,2014,82.61
A,PC_HH,AT13,2016,88.45
A,PC_HH,AT13,2017,88.77
A,PC_HH,AT13,2018,89.81
A,PC_HH,AT13,2019,91.43
A,PC_HH,AT13,2020,91.94
A,PC_HH,AT13,2021,92.49
A,PC_HH,AT2,2010,60.88
A,PC_HH,AT2,2011,66.7
A,PC_HH,AT2,2012,76.5
A,PC_HH,AT2,2013,79.21
A,PC_HH,AT2,2014,76.71
A,PC_HH,AT2,2015,78.34
A,PC_HH,AT2,2016,82.86
A,PC_HH,AT2,2017,88.26
A,PC_HH,AT2,2018,85.98
A,PC_HH,AT2,2019,85.3
A,PC_HH,AT2,2020,85.29
A,PC_HH,AT2,2021,89.58
A,PC_HH,AT21,2010,57.13
A,PC_HH,AT21,2011,66.22
A,PC_HH,AT21,2012,75.63
A,PC_HH,AT21,2013,74.71
A,PC_HH,AT21,2014,73.49
A,PC_HH,AT21,2016,83.75
A,PC_HH,AT21,2017,84.75
A,PC_HH,AT21,2018,84.38
A,PC_HH,AT21,2019,87.09
A,PC_HH,AT21,2020,84.95
A,PC_HH,AT21,2021,89.48
A,PC_HH,AT22,2010,62.65
A,PC_HH,AT22,2011,66.92
A,PC_HH,AT22,2012,76.91
A,PC_HH,AT22,2013,81.32
A,PC_HH,AT22,2014,78.22
A,PC_HH,AT22,2016,82.45
A,PC_HH,AT22,2017,89.88
A,PC_HH,AT22,2018,86.71
A,PC_HH,AT22,2019,84.49
A,PC_HH,AT22,2020,85.44
A,PC_HH,AT22,2021,89.63
A,PC_HH,AT3,2010,63.35
A,PC_HH,AT3,2011,72.95
A,PC_HH,AT3,2012,76.43
A,PC_HH,AT3,2013,81.13
A,PC_HH,AT3,2014,80.31
A,PC_HH,AT3,2015,79.95
A,PC_HH,AT3,2016,85.67
A,PC_HH,AT3,2017,88.24
A,PC_HH,AT3,2018,88.77
A,PC_HH,AT3,2019,89.61
A,PC_HH,AT3,2020,89.52
A,PC_HH,AT3,2021,91.03
A,PC_HH,AT31,2010,62.26
A,PC_HH,AT31,2011,73.47
A,PC_HH,AT31,2012,76.63
A,PC_HH,AT31,2013,81.18
A,PC_HH,AT31,2014,79.35
A,PC_HH,AT31,2016,85.81
A,PC_HH,AT31,2017,88.22
A,PC_HH,AT31,2018,88.67
A,PC_HH,AT31,2019,88.08
A,PC_HH,AT31,2020,89.38
A,PC_HH,AT31,2021,91.05
A,PC_HH,AT32,2010,64.23
A,PC_HH,AT32,2011,72.85
A,PC_HH,AT32,2012,79.56
A,PC_HH,AT32,2013,77.75
A,PC_HH,AT32,2014,84.47
A,PC_HH,AT32,2016,85.69
A,PC_HH,AT32,2017,87.58
A,PC_HH,AT32,2018,89.07
A,PC_HH,AT32,2019,89.05
A,PC_HH,AT32,2020,87.5
A,PC_HH,AT32,2021,91.99
A,PC_HH,AT33,2010,64.22
A,PC_HH,AT33,2011,68.77
A,PC_HH,AT33,2012,72.06
A,PC_HH,AT33,2013,82.91
A,PC_HH,AT33,2014,78.9
A,PC_HH,AT33,2016,84.17
A,PC_HH,AT33,2017,89.32
A,PC_HH,AT33,2018,87.73
A,PC_HH,AT33,2019,92.95
A,PC_HH,AT33,2020,90.03
A,PC_HH,AT33,2021,88.93
A,PC_HH,AT34,2010,64.54
A,PC_HH,AT34,2011,79.2
A,PC_HH,AT34,2012,79.45
A,PC_HH,AT34,2013,82.59
A,PC_HH,AT34,2014,80.55
A,PC_HH,AT34,2016,88.05
A,PC_HH,AT34,2017,87.1
A,PC_HH,AT34,2018,90.77
A,PC_HH,AT34,2019,89.67
A,PC_HH,AT34,2020,91.93
A,PC_HH,AT34,2021,93.63
A,PC_HH,BA,2018,69.15
A,PC_HH,BA,2019,72.03
A,PC_HH,BA,2020,72.84
A,PC_HH,BA,2021,75.49
A,PC_HH,BE,2010,69.95
A,PC_HH,BE,2011,74.0
A,PC_HH,BE,2012,74.7
A,PC_HH,BE,2013,78.65
A,PC_HH,BE,2014,81.48
A,PC_HH,BE,2015,79.22
A,PC_HH,BE,2016,82.41
A,PC_HH,BE,2017,84.25
A,PC_HH,BE,2018,83.73
A,PC_HH,BE,2019,87.57
A,PC_HH,BE,2020,90.86
A,PC_HH,BE,2021,91.97
A,PC_HH,BE1,2010,65.46
A,PC_HH,BE1,2011,71.09
A,PC_HH,BE1,2012,74.53
A,PC_HH,BE1,2013,76.27
A,PC_HH,BE1,2014,78.21
A,PC_HH,BE1,2015,75.6
A,PC_HH,BE1,2016,86.36
A,PC_HH,BE1,2017,84.15
A,PC_HH,BE1,2018,83.73
A,PC_HH,BE1,2019,87.31
A,PC_HH,BE1,2020,89.52
A,PC_HH,BE1,2021,93.0
A,PC_HH,BE10,2010,65.46
A,PC_HH,BE10,2011,71.09
A,PC_HH,BE10,2012,74.53
A,PC_HH,BE10,2013,76.27
A,PC_HH,BE10,2014,78.21
A,PC_HH,BE10,2015,75.6
A,PC_HH,BE10,2016,86.36
A,PC_HH,BE10,2017,84.15
A,PC_HH,BE10,2018,83.73
A,PC_HH,BE10,2019,87.31
A,PC_HH,BE10,2020,89.52
A,PC_HH,BE10,2021,93.0
A,PC_HH,BE2,2010,74.09
A,PC_HH,BE2,2011,75.93
A,PC_HH,BE2,2012,77.08
A,PC_HH,BE2,2013,81.31
A,PC_HH,BE2,2014,84.66
A,PC_HH,BE2,2015,81.33
A,PC_HH,BE2,2016,83.5
A,PC_HH,BE2,2017,85.76
A,PC_HH,BE2,2018,85.1
A,PC_HH,BE2,2019,89.28
A,PC_HH,BE2,2020,92.03
A,PC_HH,BE2,2021,93.32
A,PC_HH,BE21,2010,73.41
A,PC_HH,BE21,2011,75.56
A,PC_HH,BE21,2012,76.81
A,PC_HH,BE21,2013,83.63
A,PC_HH,BE21,2014,84.97
A,PC_HH,BE21,2015,81.14
A,PC_HH,BE21,2016,84.9
A,PC_HH,BE21,2017,86.21
A,PC_HH,BE21,2018,85.63
A,PC_HH,BE21,2019,89.81
A,PC_HH,BE21,2020,90.75
A,PC_HH,BE21,2021,92.72
A,PC_HH,BE22,2010,77.0
A,PC_HH,BE22,2011,78.19
A,PC_HH,BE22,2012,79.98
A,PC_HH,BE22,2013,81.49
A,PC_HH,BE22,2014,87.27
A,PC_HH,BE22,2015,82.85
A,PC_HH,BE22,2016,84.59
A,PC_HH,BE22,2017,87.49
A,PC_HH,BE22,2018,84.16
A,PC_HH,BE22,2019,89.71
A,PC_HH,BE22,2020,91.83
A,PC_HH,BE22,2021,92.93
A,PC_HH,BE23,2010,72.62
A,PC_HH,BE23,2011,73.68
A,PC_HH,BE23,2012,77.36
A,PC_HH,BE23,2013,81.67
A,PC_HH,BE23,2014,84.07
A,PC_HH,BE23,2015,79.73
A,PC_HH,BE23,2016,83.22
A,PC_HH,BE23,2017,83.42
A,PC_HH,BE23,2018,83.98
A,PC_HH,BE23,2019,86.22
A,PC_HH,BE23,2020,93.22
A,PC_HH,BE23,2021,92.54
A,PC_HH,BE24,2010,77.53
A,PC_HH,BE24,2011,79.76
A,PC_HH,BE24,2012,80.11
A,PC_HH,BE24,2013,81.26
A,PC_HH,BE24,2014,86.51
A,PC_HH,BE24,2015,84.66
A,PC_HH,BE24,2016,84.6
A,PC_HH,BE24,2017,86.97
A,PC_HH,BE24,2018,86.86
A,PC_HH,BE24,2019,92.89
A,PC_HH,BE24,2020,94.21
A,PC_HH,BE24,2021,96.11
A,PC_HH,BE25,2010,71.79
A,PC_HH,BE25,2011,74.29
A,PC_HH,BE25,2012,72.32
A,PC_HH,BE25,2013,77.24
A,PC_HH,BE25,2014,81.39
A,PC_HH,BE25,2015,79.5
A,PC_HH,BE25,2016,79.92
A,PC_HH,BE25,2017,85.66
A,PC_HH,BE25,2018,84.77
A,PC_HH,BE25,2019,88.71
A,PC_HH,BE25,2020,90.63
A,PC_HH,BE25,2021,92.84
A,PC_HH,BE3,2010,64.39
A,PC_HH,BE3,2011,71.7
A,PC_HH,BE3,2012,70.62
A,PC_HH,BE3,2013,74.91
A,PC_HH,BE3,2014,77.14
A,PC_HH,BE3,2015,76.86
A,PC_HH,BE3,2016,79.09
A,PC_HH,BE3,2017,81.66
A,PC_HH,BE3,2018,81.31
A,PC_HH,BE3,2019,84.7
A,PC_HH,BE3,2020,89.31
A,PC_HH,BE3,2021,89.26
A,PC_HH,BE31,2010,73.42
A,PC_HH,BE31,2011,80.98
A,PC_HH,BE31,2012,86.69
A,PC_HH,BE31,2013,82.39
A,PC_HH,BE31,2014,86.79
A,PC_HH,BE31,2015,83.78
A,PC_HH,BE31,2016,86.52
A,PC_HH,BE31,2017,88.29
A,PC_HH,BE31,2018,86.8
A,PC_HH,BE31,2019,90.23
A,PC_HH,BE31,2020,95.91
A,PC_HH,BE31,2021,95.81
A,PC_HH,BE32,2010,62.94
A,PC_HH,BE32,2011,73.54
A,PC_HH,BE32,2012,65.24
A,PC_HH,BE32,2013,70.78
A,PC_HH,BE32,2014,73.23
A,PC_HH,BE32,2015,75.51
A,PC_HH,BE32,2016,73.55
A,PC_HH,BE32,2017,78.21
A,PC_HH,BE32,2018,79.01
A,PC_HH,BE32,2019,80.43
A,PC_HH,BE32,2020,87.1
A,PC_HH,BE32,2021,88.17
A,PC_HH,BE33,2010,63.07
A,PC_HH,BE33,2011,64.27
A,PC_HH,BE33,2012,70.16
A,PC_HH,BE33,2013,75.93
A,PC_HH,BE33,2014,76.29
A,PC_HH,BE33,2015,75.3
A,PC_HH,BE33,2016,81.88
A,PC_HH,BE33,2017,83.01
A,PC_HH,BE33,2018,83.14
A,PC_HH,BE33,2019,87.4
A,PC_HH,BE33,2020,92.01
A,PC_HH,BE33,2021,91.2
A,PC_HH,BE34,2010,67.17
A,PC_HH,BE34,2011,70.79
A,PC_HH,BE34,2012,73.11
A,PC_HH,BE34,2013,76.14
A,PC_HH,BE34,2014,79.47
A,PC_HH,BE34,2015,80.07
A,PC_HH,BE34,2016,86.42
A,PC_HH,BE34,2017,83.29
A,PC_HH,BE34,2018,81.75
A,PC_HH,BE34,2019,88.85
A,PC_HH,BE34,2020,86.66
A,PC_HH,BE34,2021,86.7
A,PC_HH,BE35,2010,63.07
A,PC_HH,BE35,2011,77.54
A,PC_HH,BE35,2012,73.07
A,PC_HH,BE35,2013,77.65
A,PC_HH,BE35,2014,81.33
A,PC_HH,BE35,2015,77.21
A,PC_HH,BE35,2016,78.06
A,PC_HH,BE35,2017,82.04
A,PC_HH,BE35,2018,78.91
A,PC_HH,BE35,2019,83.74
A,PC_HH,BE35,2020,85.61
A,PC_HH,BE35,2021,85.18
A,PC_HH,BG,2010,26.01
A,PC_HH,BG,2011,39.8
A,PC_HH,BG,2012,50.78
A,PC_HH,BG,2013,53.62
A,PC_HH,BG,2014,56.46
A,PC_HH,BG,2015,58.84
A,PC_HH,BG,2016,62.81
A,PC_HH,BG,2017,66.9
A,PC_HH,BG,2018,71.49
A,PC_HH,BG,2019,74.94
A,PC_HH,BG,2020,78.61
A,PC_HH,BG,2021,83.53
A,PC_HH,BG3,2010,21.28
A,PC_HH,BG3,2011,32.27
A,PC_HH,BG3,2012,45.91
A,PC_HH,BG3,2013,47.58
A,PC_HH,BG3,2014,52.92
A,PC_HH,BG3,2015,54.72
A,PC_HH,BG3,2016,61.62
A,PC_HH,BG3,2017,63.73
A,PC_HH,BG3,2018,69.08
A,PC_HH,BG3,2019,73.24
A,PC_HH,BG3,2020,74.21
A,PC_HH,BG3,2021,81.08
A,PC_HH,BG31,2010,23.56
A,PC_HH,BG31,2011,32.98
A,PC_HH,BG31,2012,38.23
A,PC_HH,BG31,2013,42.4
A,PC_HH,BG31,2014,44.88
A,PC_HH,BG31,2015,44.51
A,PC_HH,BG31,2016,58.0
A,PC_HH,BG31,2017,56.8
A,PC_HH,BG31,2018,64.85
A,PC_HH,BG31,2019,70.8
A,PC_HH,BG31,2020,65.98
A,PC_HH,BG31,2021,73.5
A,PC_HH,BG32,2010,22.68
A,PC_HH,BG32,2011,38.42
A,PC_HH,BG32,2012,46.62
A,PC_HH,BG32,2013,49.4
A,PC_HH,BG32,2014,58.45
A,PC_HH,BG32,2015,58.21
A,PC_HH,BG32,2016,61.53
A,PC_HH,BG32,2017,67.32
A,PC_HH,BG32,2018,67.11
A,PC_HH,BG32,2019,73.17
A,PC_HH,BG32,2020,74.76
A,PC_HH,BG32,2021,82.67
A,PC_HH,BG33,2010,16.71
A,PC_HH,BG33,2011,27.62
A,PC_HH,BG33,2012,47.89
A,PC_HH,BG33,2013,51.54
A,PC_HH,BG33,2014,56.16
A,PC_HH,BG33,2015,56.27
A,PC_HH,BG33,2016,67.34
A,PC_HH,BG33,2017,68.43
A,PC_HH,BG33,2018,73.89
A,PC_HH,BG33,2019,73.72
A,PC_HH,BG33,2020,77.7
A,PC_HH,BG33,2021,85.23
A,PC_HH,BG34,2010,22.06
A,PC_HH,BG34,2011,30.88
A,PC_HH,BG34,2012,49.64
A,PC_HH,BG34,2013,46.54
A,PC_HH,BG34,2014,51.7
A,PC_HH,BG34,2015,58.47
A,PC_HH,BG34,2016,59.26
A,PC_HH,BG34,2017,61.83
A,PC_HH,BG34,2018,69.6
A,PC_HH,BG34,2019,74.73
A,PC_HH,BG34,2020,76.86
A,PC_HH,BG34,2021,81.73
A,PC_HH,BG4,2010,31.38
A,PC_HH,BG4,2011,47.74
A,PC_HH,BG4,2012,55.79
A,PC_HH,BG4,2013,59.8
A,PC_HH,BG4,2014,60.08
A,PC_HH,BG4,2015,63.05
A,PC_HH,BG4,2016,64.02
A,PC_HH,BG4,2017,70.09
A,PC_HH,BG4,2018,73.92
A,PC_HH,BG4,2019,76.66
A,PC_HH,BG4,2020,83.01
A,PC_HH,BG4,2021,85.97
A,PC_HH,BG41,2010,36.9
A,PC_HH,BG41,2011,53.84
A,PC_HH,BG41,2012,59.23
A,PC_HH,BG41,2013,64.2
A,PC_HH,BG41,2014,63.47
A,PC_HH,BG41,2015,67.63
A,PC_HH,BG41,2016,64.46
A,PC_HH,BG41,2017,70.07
A,PC_HH,BG41,2018,74.86
A,PC_HH,BG41,2019,77.72
A,PC_HH,BG41,2020,85.64
A,PC_HH,BG41,2021,86.23
A,PC_HH,BG42,2010,23.62
A,PC_HH,BG42,2011,38.38
A,PC_HH,BG42,2012,50.25
A,PC_HH,BG42,2013,52.68
A,PC_HH,BG42,2014,54.63
A,PC_HH,BG42,2015,55.68
A,PC_HH,BG42,2016,63.29
A,PC_HH,BG42,2017,70.12
A,PC_HH,BG42,2018,72.38
A,PC_HH,BG42,2019,74.9
A,PC_HH,BG42,2020,78.68
A,PC_HH,BG42,2021,85.53
A,PC_HH,CH,2014,85.91
A,PC_HH,CH,2017,89.64
A,PC_HH,CH,2019,95.3
A,PC_HH,CH,2021,98.07
A,PC_HH,CH0,2014,85.91
A,PC_HH,CH0,2017,89.64
A,PC_HH,CH0,2019,95.3
A,PC_HH,CH0,2021,98.07
A,PC_HH,CH01,2014,84.79
A,PC_HH,CH01,2017,88.65
A,PC_HH,CH01,2019,96.48
A,PC_HH,CH01,2021,98.65
A,PC_HH,CH02,2014,81.22
A,PC_HH,CH02,2017,89.3
A,PC_HH,CH02,2019,92.81
A,PC_HH,CH02,2021,97.08
A,PC_HH,CH03,2014,86.87
A,PC_HH,CH03,2017,90.29
A,PC_HH,CH03,2019,96.76
A,PC_HH,CH03,2021,96.73
A,PC_HH,CH04,2014,93.32
A,PC_HH,CH04,2017,91.4
A,PC_HH,CH04,2019,95.75
A,PC_HH,CH04,2021,99.51
A,PC_HH,CH05,2014,86.65
A,PC_HH,CH05,2017,90.13
A,PC_HH,CH05,2019,95.93
A,PC_HH,CH05,2021,98.29
A,PC_HH,CH06,2014,87.12
A,PC_HH,CH06,2017,89.81
A,PC_HH,CH06,2019,96.23
A,PC_HH,CH06,2021,97.85
A,PC_HH,CH07,2014,76.55
A,PC_HH,CH07,2017,84.47
A,PC_HH,CH07,2019,92.47
A,PC_HH,CH07,2021,98.66
A,PC_HH,CY,2010,50.67
A,PC_HH,CY,2011,55.5
A,PC_HH,CY,2012,61.65
A,PC_HH,CY,2013,64.36
A,PC_HH,CY,2014,68.54
A,PC_HH,CY,2015,71.16
A,PC_HH,CY,2016,74.2
A,PC_HH,CY,2017,79.03
A,PC_HH,CY,2018,85.65
A,PC_HH,CY,2019,89.44
A,PC_HH,CY,2020,92.49
A,PC_HH,CY,2021,93.41
A,PC_HH,CY0,2010,50.67
A,PC_HH,CY0,2011,55.5
A,PC_HH,CY0,2012,61.65
A,PC_HH,CY0,2013,64.36
A,PC_HH,CY0,2014,68.54
A,PC_HH,CY0,2015,71.16
A,PC_HH,CY0,2016,74.2
A,PC_HH,CY0,2017,79.03
A,PC_HH,CY0,2018,85.65
A,PC_HH,CY0,2019,89.44
A,PC_HH,CY0,2020,92.49
A,PC_HH,CY0,2021,93.41
A,PC_HH,CY00,2010,50.67
A,PC_HH,CY00,2011,55.5
A,PC_HH,CY00,2012,61.65
A,PC_HH,CY00,2013,64.36
A,PC_HH,CY00,2014,68.54
A,PC_HH,CY00,2015,71.16
A,PC_HH,CY00,2016,74.2
A,PC_HH,CY00,2017,79.03
A,PC_HH,CY00,2018,85.65
A,PC_HH,CY00,2019,89.44
A,PC_HH,CY00,2020,92.49
A,PC_HH,CY00,2021,93.41
A,PC_HH,CZ,2010,53.6
A,PC_HH,CZ,2011,63.44
A,PC_HH,CZ,2012,69.29
A,PC_HH,CZ,2013,69.39
A,PC_HH,CZ,2014,75.91
A,PC_HH,CZ,2015,76.04
A,PC_HH,CZ,2016,80.32
A,PC_HH,CZ,2017,82.88
A,PC_HH,CZ,2018,85.77
A,PC_HH,CZ,2019,87.0
A,PC_HH,CZ,2020,88.02
A,PC_HH,CZ,2021,89.31
A,PC_HH,CZ0,2010,53.6
A,PC_HH,CZ0,2011,63.44
A,PC_HH,CZ0,2012,69.29
A,PC_HH,CZ0,2013,69.39
A,PC_HH,CZ0,2014,75.91
A,PC_HH,CZ0,2015,76.04
A,PC_HH,CZ0,2016,80.32
A,PC_HH,CZ0,2017,82.88
A,PC_HH,CZ0,2018,85.77
A,PC_HH,CZ0,2019,87.0
A,PC_HH,CZ0,2020,88.02
A,PC_HH,CZ0,2021,89.31
A,PC_HH,CZ01,2010,61.64
A,PC_HH,CZ01,2011,69.62
A,PC_HH,CZ01,2012,78.95
A,PC_HH,CZ01,2013,78.81
A,PC_HH,CZ01,2014,87.83
A,PC_HH,CZ01,2015,87.78
A,PC_HH,CZ01,2016,90.56
A,PC_HH,CZ01,2017,89.31
A,PC_HH,CZ01,2018,93.17
A,PC_HH,CZ01,2019,93.23
A,PC_HH,CZ01,2020,94.74
A,PC_HH,CZ01,2021,94.16
A,PC_HH,CZ02,2010,55.46
A,PC_HH,CZ02,2011,65.28
A,PC_HH,CZ02,2012,67.14
A,PC_HH,CZ02,2013,76.12
A,PC_HH,CZ02,2014,77.11
A,PC_HH,CZ02,2015,81.74
A,PC_HH,CZ02,2016,83.88
A,PC_HH,CZ02,2017,86.68
A,PC_HH,CZ02,2018,86.66
A,PC_HH,CZ02,2019,87.86
A,PC_HH,CZ02,2020,87.79
A,PC_HH,CZ02,2021,89.31
A,PC_HH,CZ03,2010,50.99
A,PC_HH,CZ03,2011,61.23
A,PC_HH,CZ03,2012,69.49
A,PC_HH,CZ03,2013,67.95
A,PC_HH,CZ03,2014,74.97
A,PC_HH,CZ03,2015,78.27
A,PC_HH,CZ03,2016,81.97
A,PC_HH,CZ03,2017,82.34
A,PC_HH,CZ03,2018,85.93
A,PC_HH,CZ03,2019,86.42
A,PC_HH,CZ03,2020,87.68
A,PC_HH,CZ03,2021,92.22
A,PC_HH,CZ04,2010,52.84
A,PC_HH,CZ04,2011,58.05
A,PC_HH,CZ04,2012,63.4
A,PC_HH,CZ04,2013,62.36
A,PC_HH,CZ04,2014,67.92
A,PC_HH,CZ04,2015,64.78
A,PC_HH,CZ04,2016,75.06
A,PC_HH,CZ04,2017,78.19
A,PC_HH,CZ04,2018,81.66
A,PC_HH,CZ04,2019,79.3
A,PC_HH,CZ04,2020,82.28
A,PC_HH,CZ04,2021,86.03
A,PC_HH,CZ05,2010,47.21
A,PC_HH,CZ05,2011,66.55
A,PC_HH,CZ05,2012,67.37
A,PC_HH,CZ05,2013,67.27
A,PC_HH,CZ05,2014,70.48
A,PC_HH,CZ05,2015,78.22
A,PC_HH,CZ05,2016,78.53
A,PC_HH,CZ05,2017,79.75
A,PC_HH,CZ05,2018,81.73
A,PC_HH,CZ05,2019,86.36
A,PC_HH,CZ05,2020,86.88
A,PC_HH,CZ05,2021,87.32
A,PC_HH,CZ06,2010,58.63
A,PC_HH,CZ06,2011,65.52
A,PC_HH,CZ06,2012,72.78
A,PC_HH,CZ06,2013,70.79
A,PC_HH,CZ06,2014,77.88
A,PC_HH,CZ06,2015,72.69
A,PC_HH,CZ06,2016,77.69
A,PC_HH,CZ06,2017,83.36
A,PC_HH,CZ06,2018,86.83
A,PC_HH,CZ06,2019,87.93
A,PC_HH,CZ06,2020,90.08
A,PC_HH,CZ06,2021,88.11
A,PC_HH,CZ07,2010,54.29
A,PC_HH,CZ07,2011,57.31
A,PC_HH,CZ07,2012,65.28
A,PC_HH,CZ07,2013,66.07
A,PC_HH,CZ07,2014,75.76
A,PC_HH,CZ07,2015,71.79
A,PC_HH,CZ07,2016,74.41
A,PC_HH,CZ07,2017,81.28
A,PC_HH,CZ07,2018,82.59
A,PC_HH,CZ07,2019,84.02
A,PC_HH,CZ07,2020,88.11
A,PC_HH,CZ07,2021,87.94
A,PC_HH,CZ08,2010,46.53
A,PC_HH,CZ08,2011,61.12
A,PC_HH,CZ08,2012,67.26
A,PC_HH,CZ08,2013,64.42
A,PC_HH,CZ08,2014,73.97
A,PC_HH,CZ08,2015,72.07
A,PC_HH,CZ08,2016,79.33
A,PC_HH,CZ08,2017,80.89
A,PC_HH,CZ08,2018,86.58
A,PC_HH,CZ08,2019,89.54
A,PC_HH,CZ08,2020,85.67
A,PC_HH,CZ08,2021,88.8
A,PC_HH,DE,2010,75.2
A,PC_HH,DE,2011,77.52
A,PC_HH,DE,2012,81.52
A,PC_HH,DE,2013,84.79
A,PC_HH,DE,2014,86.58
A,PC_HH,DE,2015,87.83
A,PC_HH,DE,2016,89.6
A,PC_HH,DE,2017,91.6
A,PC_HH,DE,2018,90.25
A,PC_HH,DE,2019,93.93
A,PC_HH,DE,2020,94.83
A,PC_HH,DE,2021,88.84
A,PC_HH,DE1,2010,74.63
A,PC_HH,DE1,2011,75.47
A,PC_HH,DE1,2012,79.48
A,PC_HH,DE1,2013,83.09
A,PC_HH,DE1,2014,85.1
A,PC_HH,DE1,2015,88.05
A,PC_HH,DE1,2016,88.54
A,PC_HH,DE1,2017,91.76
A,PC_HH,DE1,2018,91.97
A,PC_HH,DE1,2019,94.3
A,PC_HH,DE1,2020,94.42
A,PC_HH,DE1,2021,87.89
A,PC_HH,DE2,2010,74.55
A,PC_HH,DE2,2011,78.59
A,PC_HH,DE2,2012,82.47
A,PC_HH,DE2,2013,84.58
A,PC_HH,DE2,2014,86.24
A,PC_HH,DE2,2015,88.14
A,PC_HH,DE2,2016,88.7
A,PC_HH,DE2,2017,91.29
A,PC_HH,DE2,2018,88.7
A,PC_HH,DE2,2019,94.27
A,PC_HH,DE2,2020,95.13
A,PC_HH,DE2,2021,89.69
A,PC_HH,DE3,2010,75.55
A,PC_HH,DE3,2011,79.56
A,PC_HH,DE3,2012,82.19
A,PC_HH,DE3,2013,87.69
A,PC_HH,DE3,2014,87.84
A,PC_HH,DE3,2015,90.44
A,PC_HH,DE3,2016,90.9
A,PC_HH,DE3,2017,94.75
A,PC_HH,DE3,2018,94.69
A,PC_HH,DE3,2019,95.41
A,PC_HH,DE3,2020,95.85
A,PC_HH,DE3,2021,91.08
A,PC_HH,DE4,2010,63.61
A,PC_HH,DE4,2011,65.78
A,PC_HH,DE4,2012,73.76
A,PC_HH,DE4,2013,71.0
A,PC_HH,DE4,2014,78.16
A,PC_HH,DE4,2015,79.05
A,PC_HH,DE4,2016,83.73
A,PC_HH,DE4,2017,81.58
A,PC_HH,DE4,2018,85.84
A,PC_HH,DE4,2019,85.58
A,PC_HH,DE4,2020,91.07
A,PC_HH,DE4,2021,85.11
A,PC_HH,DE5,2011,86.58
A,PC_HH,DE5,2012,78.46
A,PC_HH,DE5,2013,91.3
A,PC_HH,DE5,2014,86.98
A,PC_HH,DE5,2015,91.38
A,PC_HH,DE5,2016,91.35
A,PC_HH,DE5,2017,93.52
A,PC_HH,DE5,2018,89.68
A,PC_HH,DE5,2019,97.96
A,PC_HH,DE5,2020,94.94
A,PC_HH,DE5,2021,77.27
A,PC_HH,DE6,2010,77.62
A,PC_HH,DE6,2011,81.04
A,PC_HH,DE6,2012,79.85
A,PC_HH,DE6,2013,86.95
A,PC_HH,DE6,2014,91.16
A,PC_HH,DE6,2015,87.16
A,PC_HH,DE6,2016,94.48
A,PC_HH,DE6,2017,96.06
A,PC_HH,DE6,2018,87.56
A,PC_HH,DE6,2019,96.04
A,PC_HH,DE6,2020,95.42
A,PC_HH,DE6,2021,92.2
A,PC_HH,DE7,2010,79.04
A,PC_HH,DE7,2011,80.22
A,PC_HH,DE7,2012,84.21
A,PC_HH,DE7,2013,84.49
A,PC_HH,DE7,2014,88.91
A,PC_HH,DE7,2015,89.36
A,PC_HH,DE7,2016,91.13
A,PC_HH,DE7,2017,93.01
A,PC_HH,DE7,2018,85.79
A,PC_HH,DE7,2019,94.23
A,PC_HH,DE7,2020,95.68
A,PC_HH,DE7,2021,91.63
A,PC_HH,DE8,2010,56.94
A,PC_HH,DE8,2011,66.66
A,PC_HH,DE8,2012,70.85
A,PC_HH,DE8,2013,74.95
A,PC_HH,DE8,2014,77.57
A,PC_HH,DE8,2015,84.11
A,PC_HH,DE8,2016,89.46
A,PC_HH,DE8,2017,85.31
A,PC_HH,DE8,2018,88.73
A,PC_HH,DE8,2019,89.47
A,PC_HH,DE8,2020,94.92
A,PC_HH,DE8,2021,80.09
A,PC_HH,DE9,2010,80.9
A,PC_HH,DE9,2011,80.19
A,PC_HH,DE9,2012,86.5
A,PC_HH,DE9,2013,88.81
A,PC_HH,DE9,2014,89.09
A,PC_HH,DE9,2015,90.25
A,PC_HH,DE9,2016,92.1
A,PC_HH,DE9,2017,94.9
A,PC_HH,DE9,2018,92.09
A,PC_HH,DE9,2019,95.19
A,PC_HH,DE9,2020,96.81
A,PC_HH,DE9,2021,86.79
A,PC_HH,DEA,2010,78.84
A,PC_HH,DEA,2011,80.92
A,PC_HH,DEA,2012,84.51
A,PC_HH,DEA,2013,87.38
A,PC_HH,DEA,2014,88.11
A,PC_HH,DEA,2015,88.44
A,PC_HH,DEA,2016,89.79
A,PC_HH,DEA,2017,92.57
A,PC_HH,DEA,2018,91.39
A,PC_HH,DEA,2019,94.32
A,PC_HH,DEA,2020,94.16
A,PC_HH,DEA,2021,91.01
A,PC_HH,DEB,2010,74.27
A,PC_HH,DEB,2011,77.77
A,PC_HH,DEB,2012,80.36
A,PC_HH,DEB,2013,85.23
A,PC_HH,DEB,2014,87.35
A,PC_HH,DEB,2015,89.06
A,PC_HH,DEB,2016,90.74
A,PC_HH,DEB,2017,92.58
A,PC_HH,DEB,2018,91.69
A,PC_HH,DEB,2019,93.39
A,PC_HH,DEB,2020,95.47
A,PC_HH,DEB,2021,91.21
A,PC_HH,DEC,2010,77.16
A,PC_HH,DEC,2011,73.3
A,PC_HH,DEC,2012,75.6
A,PC_HH,DEC,2013,82.94
A,PC_HH,DEC,2014,88.47
A,PC_HH,DEC,2015,90.15
A,PC_HH,DEC,2016,88.36
A,PC_HH,DEC,2017,87.3
A,PC_HH,DEC,2018,90.27
A,PC_HH,DEC,2019,95.18
A,PC_HH,DEC,2020,95.53
A,PC_HH,DEC,2021,81.35
A,PC_HH,DED,2010,65.64
A,PC_HH,DED,2011,69.08
A,PC_HH,DED,2012,74.91
A,PC_HH,DED,2013,79.44
A,PC_HH,DED,2014,82.69
A,PC_HH,DED,2015,80.02
A,PC_HH,DED,2016,88.26
A,PC_HH,DED,2017,86.2
A,PC_HH,DED,2018,86.59
A,PC_HH,DED,2019,89.89
A,PC_HH,DED,2020,92.82
A,PC_HH,DED,2021,89.17
A,PC_HH,DEE,2010,64.74
A,PC_HH,DEE,2011,70.72
A,PC_HH,DEE,2012,75.82
A,PC_HH,DEE,2013,81.33
A,PC_HH,DEE,2014,83.78
A,PC_HH,DEE,2015,86.02
A,PC_HH,DEE,2016,87.62
A,PC_HH,DEE,2017,90.54
A,PC_HH,DEE,2018,90.37
A,PC_HH,DEE,2019,94.16
A,PC_HH,DEE,2020,96.51
A,PC_HH,DEE,2021,79.34
A,PC_HH,DEF,2010,80.55
A,PC_HH,DEF,2011,78.54
A,PC_HH,DEF,2012,79.67
A,PC_HH,DEF,2013,86.38
A,PC_HH,DEF,2014,88.42
A,PC_HH,DEF,2015,89.17
A,PC_HH,DEF,2016,89.51
A,PC_HH,DEF,2017,88.28
A,PC_HH,DEF,2018,89.71
A,PC_HH,DEF,2019,95.78
A,PC_HH,DEF,2020,94.2
A,PC_HH,DEF,2021,90.44
A,PC_HH,DEG,2010,72.3
A,PC_HH,DEG,2011,75.47
A,PC_HH,DEG,2012,83.25
A,PC_HH,DEG,2013,86.7
A,PC_HH,DEG,2014,84.02
A,PC_HH,DEG,2015,87.32
A,PC_HH,DEG,2016,88.02
A,PC_HH,DEG,2017,91.41
A,PC_HH,DEG,2018,93.94
A,PC_HH,DEG,2019,93.86
A,PC_HH,DEG,2020,94.3
A,PC_HH,DEG,2021,86.36
A,PC_HH,DK,2010,80.1
A,PC_HH,DK,2011,83.89
A,PC_HH,DK,2012,84.77
A,PC_HH,DK,2013,87.19
A,PC_HH,DK,2014,85.41
A,PC_HH,DK,2015,84.2
A,PC_HH,DK,2016,91.6
A,PC_HH,DK,2017,92.1
A,PC_HH,DK,2018,90.3
A,PC_HH,DK,2019,92.53
A,PC_HH,DK,2020,92.5
A,PC_HH,DK,2021,92.47
A,PC_HH,DK0,2010,80.1
A,PC_HH,DK0,2011,83.89
A,PC_HH,DK0,2012,84.77
A,PC_HH,DK0,2013,87.19
A,PC_HH,DK0,2014,85.41
A,PC_HH,DK0,2015,84.2
A,PC_HH,DK0,2016,91.6
A,PC_HH,DK0,2017,92.1
A,PC_HH,DK0,2018,90.3
A,PC_HH,DK0,2019,92.53
A,PC_HH,DK0,2020,92.5
A,PC_HH,DK0,2021,92.47
A,PC_HH,DK01,2010,83.31
A,PC_HH,DK01,2011,85.82
A,PC_HH,DK01,2012,86.43
A,PC_HH,DK01,2013,86.87
A,PC_HH,DK01,2014,88.6
A,PC_HH,DK01,2015,83.37
A,PC_HH,DK01,2016,92.9
A,PC_HH,DK01,2017,93.1
A,PC_HH,DK01,2018,90.97
A,PC_HH,DK01,2019,93.17
A,PC_HH,DK01,2020,92.82
A,PC_HH,DK01,2021,94.48
A,PC_HH,DK02,2010,75.62
A,PC_HH,DK02,2011,82.3
A,PC_HH,DK02,2012,83.72
A,PC_HH,DK02,2013,85.81
A,PC_HH,DK02,2014,86.38
A,PC_HH,DK02,2015,86.44
A,PC_HH,DK02,2016,91.38
A,PC_HH,DK02,2017,89.06
A,PC_HH,DK02,2018,88.85
A,PC_HH,DK02,2019,90.14
A,PC_HH,DK02,2020,91.84
A,PC_HH,DK02,2021,91.25
A,PC_HH,DK03,2010,80.2
A,PC_HH,DK03,2011,80.11
A,PC_HH,DK03,2012,80.92
A,PC_HH,DK03,2013,84.76
A,PC_HH,DK03,2014,81.98
A,PC_HH,DK03,2015,86.56
A,PC_HH,DK03,2016,89.12
A,PC_HH,DK03,2017,92.34
A,PC_HH,DK03,2018,88.18
A,PC_HH,DK03,2019,92.47
A,PC_HH,DK03,2020,93.77
A,PC_HH,DK03,2021,90.47
A,PC_HH,DK04,2010,79.4
A,PC_HH,DK04,2011,84.98
A,PC_HH,DK04,2012,87.34
A,PC_HH,DK04,2013,89.6
A,PC_HH,DK04,2014,86.01
A,PC_HH,DK04,2015,83.42
A,PC_HH,DK04,2016,91.85
A,PC_HH,DK04,2017,92.2
A,PC_HH,DK04,2018,92.0
A,PC_HH,DK04,2019,93.44
A,PC_HH,DK04,2020,92.68
A,PC_HH,DK04,2021,93.39
A,PC_HH,DK05,2010,77.24
A,PC_HH,DK05,2011,85.72
A,PC_HH,DK05,2012,84.66
A,PC_HH,DK05,2013,89.3
A,PC_HH,DK05,2014,79.73
A,PC_HH,DK05,2015,80.6
A,PC_HH,DK05,2016,92.27
A,PC_HH,DK05,2017,92.21
A,PC_HH,DK05,2018,90.88
A,PC_HH,DK05,2019,91.9
A,PC_HH,DK05,2020,89.5
A,PC_HH,DK05,2021,89.41
A,PC_HH,EE,2010,63.64
A,PC_HH,EE,2011,64.94
A,PC_HH,EE,2012,73.04
A,PC_HH,EE,2013,78.42
A,PC_HH,EE,2014,81.2
A,PC_HH,EE,2015,86.91
A,PC_HH,EE,2016,85.29
A,PC_HH,EE,2017,87.36
A,PC_HH,EE,2018,89.29
A,PC_HH,EE,2019,90.0
A,PC_HH,EE,2020,89.11
A,PC_HH,EE,2021,90.87
A,PC_HH,EE0,2010,63.64
A,PC_HH,EE0,2011,64.94
A,PC_HH,EE0,2012,73.04
A,PC_HH,EE0,2013,78.42
A,PC_HH,EE0,2014,81.2
A,PC_HH,EE0,2015,86.91
A,PC_HH,EE0,2016,85.29
A,PC_HH,EE0,2017,87.36
A,PC_HH,EE0,2018,89.29
A,PC_HH,EE0,2019,90.0
A,PC_HH,EE0,2020,89.11
A,PC_HH,EE0,2021,90.87
A,PC_HH,EE00,2010,63.64
A,PC_HH,EE00,2011,64.94
A,PC_HH,EE00,2012,73.04
A,PC_HH,EE00,2013,78.42
A,PC_HH,EE00,2014,81.2
A,PC_HH,EE00,2015,86.91
A,PC_HH,EE00,2016,85.29
A,PC_HH,EE00,2017,87.36
A,PC_HH,EE00,2018,89.29
A,PC_HH,EE00,2019,90.0
A,PC_HH,EE00,2020,89.11
A,PC_HH,EE00,2021,90.87
A,PC_HH,EL,2010,41.18
A,PC_HH,EL,2011,45.38
A,PC_HH,EL,2012,50.5
A,PC_HH,EL,2013,55.02
A,PC_HH,EL,2014,64.66
A,PC_HH,EL,2015,67.1
A,PC_HH,EL,2016,68.06
A,PC_HH,EL,2017,70.64
A,PC_HH,EL,2018,76.13
A,PC_HH,EL,2019,78.06
A,PC_HH,EL,2020,79.96
A,PC_HH,EL,2021,84.98
A,PC_HH,EL1,2010,32.49
A,PC_HH,EL1,2011,41.19
A,PC_HH,EL2,2010,33.69
A,PC_HH,EL2,2011,33.61
A,PC_HH,EL3,2010,51.36
A,PC_HH,EL3,2011,53.21
A,PC_HH,EL3,2012,61.26
A,PC_HH,EL3,2013,67.81
A,PC_HH,EL3,2014,70.04
A,PC_HH,EL3,2015,74.43
A,PC_HH,EL3,2016,76.96
A,PC_HH,EL3,2017,80.41
A,PC_HH,EL3,2018,85.21
A,PC_HH,EL3,2019,83.07
A,PC_HH,EL3,2020,83.45
A,PC_HH,EL3,2021,90.75
A,PC_HH,EL4,2010,35.84
A,PC_HH,EL4,2011,45.28
A,PC_HH,EL4,2012,40.6
A,PC_HH,EL4,2013,47.44
A,PC_HH,EL4,2014,67.43
A,PC_HH,EL4,2015,64.09
A,PC_HH,EL4,2016,68.62
A,PC_HH,EL4,2017,69.03
A,PC_HH,EL4,2018,68.91
A,PC_HH,EL4,2019,68.07
A,PC_HH,EL4,2020,78.39
A,PC_HH,EL4,2021,82.5
A,PC_HH,EL5,2012,47.67
A,PC_HH,EL5,2013,48.68
A,PC_HH,EL5,2014,60.69
A,PC_HH,EL5,2015,65.62
A,PC_HH,EL5,2016,66.08
A,PC_HH,EL5,2017,64.9
A,PC_HH,EL5,2018,72.91
A,PC_HH,EL5,2019,78.43
A,PC_HH,EL5,2020,81.45
A,PC_HH,EL5,2021,81.18
A,PC_HH,EL6,2012,38.89
A,PC_HH,EL6,2013,43.23
A,PC_HH,EL6,2014,59.72
A,PC_HH,EL6,2015,58.65
A,PC_HH,EL6,2016,56.16
A,PC_HH,EL6,2017,63.45
A,PC_HH,EL6,2018,69.69
A,PC_HH,EL6,2019,74.88
A,PC_HH,EL6,2020,73.81
A,PC_HH,EL6,2021,81.96
A,PC_HH,ES,2010,56.15
A,PC_HH,ES,2011,60.75
A,PC_HH,ES,2012,65.47
A,PC_HH,ES,2013,68.83
A,PC_HH,ES,2014,73.02
A,PC_HH,ES,2015,77.82
A,PC_HH,ES,2016,81.16
A,PC_HH,ES,2017,82.68
A,PC_HH,ES,2018,86.12
A,PC_HH,ES,2019,91.17
A,PC_HH,ES,2020,95.28
A,PC_HH,ES,2021,95.91
A,PC_HH,ES1,2010,49.39
A,PC_HH,ES1,2011,54.85
A,PC_HH,ES1,2012,63.17
A,PC_HH,ES1,2013,66.81
A,PC_HH,ES1,2014,70.33
A,PC_HH,ES1,2015,76.58
A,PC_HH,ES1,2016,78.28
A,PC_HH,ES1,2017,79.55
A,PC_HH,ES1,2018,82.89
A,PC_HH,ES1,2019,89.16
A,PC_HH,ES1,2020,92.57
A,PC_HH,ES1,2021,93.7
A,PC_HH,ES11,2010,45.95
A,PC_HH,ES11,2011,51.02
A,PC_HH,ES11,2012,61.64
A,PC_HH,ES11,2013,63.87
A,PC_HH,ES11,2014,69.06
A,PC_HH,ES11,2015,75.18
A,PC_HH,ES11,2016,78.15
A,PC_HH,ES11,2017,78.41
A,PC_HH,ES11,2018,82.11
A,PC_HH,ES11,2019,88.15
A,PC_HH,ES11,2020,92.02
A,PC_HH,ES11,2021,93.16
A,PC_HH,ES12,2010,54.96
A,PC_HH,ES12,2011,59.41
A,PC_HH,ES12,2012,65.13
A,PC_HH,ES12,2013,69.79
A,PC_HH,ES12,2014,72.23
A,PC_HH,ES12,2015,78.67
A,PC_HH,ES12,2016,79.19
A,PC_HH,ES12,2017,80.75
A,PC_HH,ES12,2018,85.1
A,PC_HH,ES12,2019,90.78
A,PC_HH,ES12,2020,93.24
A,PC_HH,ES12,2021,94.31
A,PC_HH,ES13,2010,54.66
A,PC_HH,ES13,2011,63.63
A,PC_HH,ES13,2012,66.27
A,PC_HH,ES13,2013,74.23
A,PC_HH,ES13,2014,72.36
A,PC_HH,ES13,2015,78.81
A,PC_HH,ES13,2016,77.25
A,PC_HH,ES13,2017,82.4
A,PC_HH,ES13,2018,82.38
A,PC_HH,ES13,2019,90.81
A,PC_HH,ES13,2020,93.87
A,PC_HH,ES13,2021,95.01
A,PC_HH,ES2,2010,59.61
A,PC_HH,ES2,2011,62.29
A,PC_HH,ES2,2012,68.19
A,PC_HH,ES2,2013,70.03
A,PC_HH,ES2,2014,73.93
A,PC_HH,ES2,2015,79.56
A,PC_HH,ES2,2016,81.32
A,PC_HH,ES2,2017,85.34
A,PC_HH,ES2,2018,88.02
A,PC_HH,ES2,2019,91.81
A,PC_HH,ES2,2020,95.64
A,PC_HH,ES2,2021,95.81
A,PC_HH,ES21,2010,62.54
A,PC_HH,ES21,2011,64.14
A,PC_HH,ES21,2012,70.39
A,PC_HH,ES21,2013,72.59
A,PC_HH,ES21,2014,76.59
A,PC_HH,ES21,2015,82.78
A,PC_HH,ES21,2016,82.21
A,PC_HH,ES21,2017,86.31
A,PC_HH,ES21,2018,89.0
A,PC_HH,ES21,2019,91.43
A,PC_HH,ES21,2020,95.46
A,PC_HH,ES21,2021,95.53
A,PC_HH,ES22,2010,58.2
A,PC_HH,ES22,2011,62.12
A,PC_HH,ES22,2012,67.72
A,PC_HH,ES22,2013,70.55
A,PC_HH,ES22,2014,75.98
A,PC_HH,ES22,2015,79.61
A,PC_HH,ES22,2016,81.59
A,PC_HH,ES22,2017,87.69
A,PC_HH,ES22,2018,86.63
A,PC_HH,ES22,2019,94.48
A,PC_HH,ES22,2020,96.49
A,PC_HH,ES22,2021,96.19
A,PC_HH,ES23,2010,52.96
A,PC_HH,ES23,2011,55.56
A,PC_HH,ES23,2012,63.06
A,PC_HH,ES23,2013,63.37
A,PC_HH,ES23,2014,68.52
A,PC_HH,ES23,2015,74.33
A,PC_HH,ES23,2016,79.1
A,PC_HH,ES23,2017,80.06
A,PC_HH,ES23,2018,82.24
A,PC_HH,ES23,2019,90.0
A,PC_HH,ES23,2020,93.63
A,PC_HH,ES23,2021,94.95
A,PC_HH,ES24,2010,56.9
A,PC_HH,ES24,2011,60.85
A,PC_HH,ES24,2012,65.91
A,PC_HH,ES24,2013,67.0
A,PC_HH,ES24,2014,69.75
A,PC_HH,ES24,2015,75.34
A,PC_HH,ES24,2016,80.22
A,PC_HH,ES24,2017,83.85
A,PC_HH,ES24,2018,88.43
A,PC_HH,ES24,2019,91.62
A,PC_HH,ES24,2020,96.0
A,PC_HH,ES24,2021,96.3
A,PC_HH,ES3,2010,65.09
A,PC_HH,ES3,2011,70.52
A,PC_HH,ES3,2012,76.55
A,PC_HH,ES3,2013,78.42
A,PC_HH,ES3,2014,82.9
A,PC_HH,ES3,2015,85.65
A,PC_HH,ES3,2016,87.54
A,PC_HH,ES3,2017,88.54
A,PC_HH,ES3,2018,91.42
A,PC_HH,ES3,2019,94.45
A,PC_HH,ES3,2020,97.07
A,PC_HH,ES3,2021,97.54
A,PC_HH,ES30,2010,65.09
A,PC_HH,ES30,2011,70.52
A,PC_HH,ES30,2012,76.55
A,PC_HH,ES30,2013,78.42
A,PC_HH,ES30,2014,82.9
A,PC_HH,ES30,2015,85.65
A,PC_HH,ES30,2016,87.54
A,PC_HH,ES30,2017,88.54
A,PC_HH,ES30,2018,91.42
A,PC_HH,ES30,2019,94.45
A,PC_HH,ES30,2020,97.07
A,PC_HH,ES30,2021,97.54
A,PC_HH,ES4,2010,47.26
A,PC_HH,ES4,2011,53.85
A,PC_HH,ES4,2012,59.89
A,PC_HH,ES4,2013,63.8
A,PC_HH,ES4,2014,65.86
A,PC_HH,ES4,2015,72.92
A,PC_HH,ES4,2016,77.4
A,PC_HH,ES4,2017,78.94
A,PC_HH,ES4,2018,80.94
A,PC_HH,ES4,2019,88.02
A,PC_HH,ES4,2020,93.71
A,PC_HH,ES4,2021,94.97
A,PC_HH,ES41,2010,45.99
A,PC_HH,ES41,2011,53.32
A,PC_HH,ES41,2012,61.71
A,PC_HH,ES41,2013,65.9
A,PC_HH,ES41,2014,67.59
A,PC_HH,ES41,2015,73.47
A,PC_HH,ES41,2016,76.54
A,PC_HH,ES41,2017,78.23
A,PC_HH,ES41,2018,82.15
A,PC_HH,ES41,2019,88.59
A,PC_HH,ES41,2020,93.89
A,PC_HH,ES41,2021,95.6
A,PC_HH,ES42,2010,50.36
A,PC_HH,ES42,2011,56.18
A,PC_HH,ES42,2012,59.39
A,PC_HH,ES42,2013,62.86
A,PC_HH,ES42,2014,65.62
A,PC_HH,ES42,2015,73.64
A,PC_HH,ES42,2016,77.95
A,PC_HH,ES42,2017,80.11
A,PC_HH,ES42,2018,80.82
A,PC_HH,ES42,2019,86.7
A,PC_HH,ES42,2020,93.23
A,PC_HH,ES42,2021,94.43
A,PC_HH,ES43,2010,44.46
A,PC_HH,ES43,2011,50.82
A,PC_HH,ES43,2012,56.43
A,PC_HH,ES43,2013,60.46
A,PC_HH,ES43,2014,62.2
A,PC_HH,ES43,2015,70.35
A,PC_HH,ES43,2016,78.35
A,PC_HH,ES43,2017,78.38
A,PC_HH,ES43,2018,78.45
A,PC_HH,ES43,2019,89.16
A,PC_HH,ES43,2020,94.2
A,PC_HH,ES43,2021,94.55
A,PC_HH,ES5,2010,59.97
A,PC_HH,ES5,2011,64.21
A,PC_HH,ES5,2012,65.48
A,PC_HH,ES5,2013,68.94
A,PC_HH,ES5,2014,74.01
A,PC_HH,ES5,2015,77.47
A,PC_HH,ES5,2016,81.31
A,PC_HH,ES5,2017,82.7
A,PC_HH,ES5,2018,87.3
A,PC_HH,ES5,2019,92.59
A,PC_HH,ES5,2020,96.17
A,PC_HH,ES5,2021,96.89
A,PC_HH,ES51,2010,65.72
A,PC_HH,ES51,2011,68.26
A,PC_HH,ES51,2012,69.34
A,PC_HH,ES51,2013,70.83
A,PC_HH,ES51,2014,76.37
A,PC_HH,ES51,2015,79.54
A,PC_HH,ES51,2016,82.26
A,PC_HH,ES51,2017,82.92
A,PC_HH,ES51,2018,87.18
A,PC_HH,ES51,2019,93.93
A,PC_HH,ES51,2020,96.58
A,PC_HH,ES51,2021,96.87
A,PC_HH,ES52,2010,50.77
A,PC_HH,ES52,2011,57.85
A,PC_HH,ES52,2012,58.82
A,PC_HH,ES52,2013,66.45
A,PC_HH,ES52,2014,69.81
A,PC_HH,ES52,2015,74.33
A,PC_HH,ES52,2016,79.94
A,PC_HH,ES52,2017,81.25
A,PC_HH,ES52,2018,86.73
A,PC_HH,ES52,2019,90.51
A,PC_HH,ES52,2020,95.71
A,PC_HH,ES52,2021,96.82
A,PC_HH,ES53,2010,63.39
A,PC_HH,ES53,2011,66.22
A,PC_HH,ES53,2012,70.44
A,PC_HH,ES53,2013,67.85
A,PC_HH,ES53,2014,77.46
A,PC_HH,ES53,2015,78.17
A,PC_HH,ES53,2016,81.17
A,PC_HH,ES53,2017,87.75
A,PC_HH,ES53,2018,90.58
A,PC_HH,ES53,2019,92.96
A,PC_HH,ES53,2020,95.61
A,PC_HH,ES53,2021,97.27
A,PC_HH,ES6,2010,51.56
A,PC_HH,ES6,2011,55.51
A,PC_HH,ES6,2012,61.55
A,PC_HH,ES6,2013,65.93
A,PC_HH,ES6,2014,70.34
A,PC_HH,ES6,2015,75.6
A,PC_HH,ES6,2016,80.08
A,PC_HH,ES6,2017,81.55
A,PC_HH,ES6,2018,84.15
A,PC_HH,ES6,2019,89.48
A,PC_HH,ES6,2020,94.65
A,PC_HH,ES6,2021,94.84
A,PC_HH,ES61,2010,51.54
A,PC_HH,ES61,2011,54.99
A,PC_HH,ES61,2012,61.34
A,PC_HH,ES61,2013,65.79
A,PC_HH,ES61,2014,69.86
A,PC_HH,ES61,2015,75.19
A,PC_HH,ES61,2016,79.85
A,PC_HH,ES61,2017,80.99
A,PC_HH,ES61,2018,83.52
A,PC_HH,ES61,2019,89.19
A,PC_HH,ES61,2020,94.65
A,PC_HH,ES61,2021,94.47
A,PC_HH,ES62,2010,50.49
A,PC_HH,ES62,2011,57.88
A,PC_HH,ES62,2012,62.21
A,PC_HH,ES62,2013,66.13
A,PC_HH,ES62,2014,72.02
A,PC_HH,ES62,2015,77.7
A,PC_HH,ES62,2016,81.0
A,PC_HH,ES62,2017,84.74
A,PC_HH,ES62,2018,87.36
A,PC_HH,ES62,2019,91.03
A,PC_HH,ES62,2020,94.38
A,PC_HH,ES62,2021,96.93
A,PC_HH,ES63,2010,62.12
A,PC_HH,ES63,2011,65.21
A,PC_HH,ES63,2012,71.25
A,PC_HH,ES63,2013,81.44
A,PC_HH,ES63,2014,81.35
A,PC_HH,ES63,2015,80.2
A,PC_HH,ES63,2016,82.61
A,PC_HH,ES63,2017,88.42
A,PC_HH,ES63,2018,91.69
A,PC_HH,ES63,2019,91.68
A,PC_HH,ES63,2020,96.01
A,PC_HH,ES63,2021,92.51
A,PC_HH,ES64,2010,67.08
A,PC_HH,ES64,2011,59.8
A,PC_HH,ES64,2012,64.46
A,PC_HH,ES64,2013,64.62
A,PC_HH,ES64,2014,81.85
A,PC_HH,ES64,2015,78.46
A,PC_HH,ES64,2016,84.96
A,PC_HH,ES64,2017,78.88
A,PC_HH,ES64,2018,88.86
A,PC_HH,ES64,2019,91.24
A,PC_HH,ES64,2020,98.86
A,PC_HH,ES64,2021,98.62
A,PC_HH,ES7,2010,54.84
A,PC_HH,ES7,2011,58.98
A,PC_HH,ES7,2012,63.04
A,PC_HH,ES7,2013,66.74
A,PC_HH,ES7,2014,71.04
A,PC_HH,ES7,2015,77.35
A,PC_HH,ES7,2016,80.67
A,PC_HH,ES7,2017,80.06
A,PC_HH,ES7,2018,86.79
A,PC_HH,ES7,2019,90.39
A,PC_HH,ES7,2020,95.75
A,PC_HH,ES7,2021,96.7
A,PC_HH,ES70,2010,54.84
A,PC_HH,ES70,2011,58.98
A,PC_HH,ES70,2012,63.04
A,PC_HH,ES70,2013,66.74
A,PC_HH,ES70,2014,71.04
A,PC_HH,ES70,2015,77.35
A,PC_HH,ES70,2016,80.67
A,PC_HH,ES70,2017,80.06
A,PC_HH,ES70,2018,86.79
A,PC_HH,ES70,2019,90.39
A,PC_HH,ES70,2020,95.75
A,PC_HH,ES70,2021,96.7
A,PC_HH,FI,2010,75.8
A,PC_HH,FI,2011,81.3
A,PC_HH,FI,2012,84.97
A,PC_HH,FI,2013,87.99
A,PC_HH,FI,2014,88.92
A,PC_HH,FI,2015,89.52
A,PC_HH,FI,2016,91.21
A,PC_HH,FI,2017,93.41
A,PC_HH,FI,2018,93.0
A,PC_HH,FI,2019,93.07
A,PC_HH,FI,2020,94.83
A,PC_HH,FI,2021,95.48
A,PC_HH,FI1,2010,75.8
A,PC_HH,FI1,2011,81.3
A,PC_HH,FI1,2012,84.97
A,PC_HH,FI1,2013,87.99
A,PC_HH,FI1,2014,88.92
A,PC_HH,FI1,2015,89.52
A,PC_HH,FI1,2016,91.21
A,PC_HH,FI1,2017,93.41
A,PC_HH,FI1,2018,93.0
A,PC_HH,FI1,2019,93.07
A,PC_HH,FI1,2020,94.83
A,PC_HH,FI1,2021,95.48
A,PC_HH,FI19,2010,71.94
A,PC_HH,FI19,2011,79.82
A,PC_HH,FI19,2012,84.45
A,PC_HH,FI19,2013,85.18
A,PC_HH,FI19,2014,88.12
A,PC_HH,FI19,2015,87.42
A,PC_HH,FI19,2016,87.8
A,PC_HH,FI19,2017,92.46
A,PC_HH,FI19,2018,93.22
A,PC_HH,FI19,2019,91.74
A,PC_HH,FI19,2020,95.76
A,PC_HH,FI19,2021,95.64
A,PC_HH,FI1B,2012,89.95
A,PC_HH,FI1B,2013,92.33
A,PC_HH,FI1B,2014,92.84
A,PC_HH,FI1B,2015,95.04
A,PC_HH,FI1B,2016,94.51
A,PC_HH,FI1B,2017,97.62
A,PC_HH,FI1B,2018,95.87
A,PC_HH,FI1B,2019,94.72
A,PC_HH,FI1B,2020,96.64
A,PC_HH,FI1B,2021,97.84
A,PC_HH,FI1C,2012,83.49
A,PC_HH,FI1C,2013,88.12
A,PC_HH,FI1C,2014,88.3
A,PC_HH,FI1C,2015,86.46
A,PC_HH,FI1C,2016,92.88
A,PC_HH,FI1C,2017,90.83
A,PC_HH,FI1C,2018,90.65
A,PC_HH,FI1C,2019,94.19
A,PC_HH,FI1C,2020,95.3
A,PC_HH,FI1C,2021,94.51
A,PC_HH,FI1D,2010,75.0
A,PC_HH,FI1D,2011,79.12
A,PC_HH,FI1D,2012,80.97
A,PC_HH,FI1D,2013,85.64
A,PC_HH,FI1D,2014,85.61
A,PC_HH,FI1D,2015,88.0
A,PC_HH,FI1D,2016,89.16
A,PC_HH,FI1D,2017,91.6
A,PC_HH,FI1D,2018,91.39
A,PC_HH,FI1D,2019,91.34
A,PC_HH,FI1D,2020,91.08
A,PC_HH,FI1D,2021,93.22
A,PC_HH,FR,2010,66.39
A,PC_HH,FR,2011,69.95
A,PC_HH,FR,2012,77.23
A,PC_HH,FR,2013,78.37
A,PC_HH,FR,2014,76.69
A,PC_HH,FR,2015,76.09
A,PC_HH,FR,2016,79.29
A,PC_HH,FR,2017,79.18
A,PC_HH,FR,2018,81.31
A,PC_HH,FR,2019,82.84
A,PC_HH,FR,2021,88.11
A,PC_HH,FR1,2010,78.76
A,PC_HH,FR1,2011,77.5
A,PC_HH,FR1,2012,82.09
A,PC_HH,FR1,2013,85.06
A,PC_HH,FR1,2014,84.22
A,PC_HH,FR1,2015,82.21
A,PC_HH,FR1,2016,85.15
A,PC_HH,FR1,2017,86.56
A,PC_HH,FR1,2018,86.97
A,PC_HH,FR1,2019,89.34
A,PC_HH,FR1,2021,94.19
A,PC_HH,FR10,2014,84.22
A,PC_HH,FR10,2015,82.21
A,PC_HH,FR10,2016,85.15
A,PC_HH,FR10,2017,86.56
A,PC_HH,FR10,2018,86.97
A,PC_HH,FR10,2019,89.34
A,PC_HH,FR10,2021,94.19
A,PC_HH,FRB,2014,75.07
A,PC_HH,FRB,2015,75.69
A,PC_HH,FRB,2016,79.44
A,PC_HH,FRB,2017,77.09
A,PC_HH,FRB,2018,82.87
A,PC_HH,FRB,2019,80.32
A,PC_HH,FRB,2021,87.38
A,PC_HH,FRB0,2014,75.07
A,PC_HH,FRB0,2015,75.69
A,PC_HH,FRB0,2016,79.44
A,PC_HH,FRB0,2017,77.09
A,PC_HH,FRB0,2018,82.87
A,PC_HH,FRB0,2019,80.32
A,PC_HH,FRB0,2021,87.38
A,PC_HH,FRC,2014,74.1
A,PC_HH,FRC,2015,68.34
A,PC_HH,FRC,2016,75.78
A,PC_HH,FRC,2017,77.37
A,PC_HH,FRC,2018,75.59
A,PC_HH,FRC,2019,78.58
A,PC_HH,FRC,2021,83.89
A,PC_HH,FRC1,2014,69.42
A,PC_HH,FRC1,2015,66.42
A,PC_HH,FRC1,2016,76.95
A,PC_HH,FRC1,2017,81.47
A,PC_HH,FRC1,2018,75.47
A,PC_HH,FRC1,2019,78.31
A,PC_HH,FRC1,2021,80.83
A,PC_HH,FRC2,2014,80.78
A,PC_HH,FRC2,2015,71.44
A,PC_HH,FRC2,2016,74.06
A,PC_HH,FRC2,2017,72.27
A,PC_HH,FRC2,2018,75.77
A,PC_HH,FRC2,2019,78.99
A,PC_HH,FRC2,2021,87.44
A,PC_HH,FRD,2014,73.18
A,PC_HH,FRD,2015,73.68
A,PC_HH,FRD,2016,80.52
A,PC_HH,FRD,2017,74.15
A,PC_HH,FRD,2018,79.95
A,PC_HH,FRD,2019,78.06
A,PC_HH,FRD,2021,84.86
A,PC_HH,FRD1,2014,65.41
A,PC_HH,FRD1,2015,75.24
A,PC_HH,FRD1,2016,79.64
A,PC_HH,FRD1,2017,72.95
A,PC_HH,FRD1,2018,79.45
A,PC_HH,FRD1,2019,76.6
A,PC_HH,FRD1,2021,84.91
A,PC_HH,FRD2,2014,80.02
A,PC_HH,FRD2,2015,72.58
A,PC_HH,FRD2,2016,81.28
A,PC_HH,FRD2,2017,75.02
A,PC_HH,FRD2,2018,80.31
A,PC_HH,FRD2,2019,79.45
A,PC_HH,FRD2,2021,84.82
A,PC_HH,FRE,2014,78.04
A,PC_HH,FRE,2015,72.04
A,PC_HH,FRE,2016,74.85
A,PC_HH,FRE,2017,75.19
A,PC_HH,FRE,2018,80.73
A,PC_HH,FRE,2019,81.93
A,PC_HH,FRE,2021,87.08
A,PC_HH,FRE1,2014,78.68
A,PC_HH,FRE1,2015,70.4
A,PC_HH,FRE1,2016,75.85
A,PC_HH,FRE1,2017,74.48
A,PC_HH,FRE1,2018,79.71
A,PC_HH,FRE1,2019,83.1
A,PC_HH,FRE1,2021,88.4
A,PC_HH,FRE2,2014,76.71
A,PC_HH,FRE2,2015,75.73
A,PC_HH,FRE2,2016,73.04
A,PC_HH,FRE2,2017,76.51
A,PC_HH,FRE2,2018,82.91
A,PC_HH,FRE2,2019,79.55
A,PC_HH,FRE2,2021,84.45
A,PC_HH,FRF,2014,75.11
A,PC_HH,FRF,2015,77.12
A,PC_HH,FRF,2016,79.55
A,PC_HH,FRF,2017,77.87
A,PC_HH,FRF,2018,80.24
A,PC_HH,FRF,2019,80.09
A,PC_HH,FRF,2021,88.06
A,PC_HH,FRF1,2014,75.98
A,PC_HH,FRF1,2015,77.47
A,PC_HH,FRF1,2016,79.58
A,PC_HH,FRF1,2017,80.58
A,PC_HH,FRF1,2018,81.75
A,PC_HH,FRF1,2019,80.31
A,PC_HH,FRF1,2021,89.51
A,PC_HH,FRF2,2014,75.78
A,PC_HH,FRF2,2015,73.93
A,PC_HH,FRF2,2016,75.37
A,PC_HH,FRF2,2017,76.03
A,PC_HH,FRF2,2018,77.54
A,PC_HH,FRF2,2019,77.49
A,PC_HH,FRF2,2021,85.46
A,PC_HH,FRF3,2014,73.97
A,PC_HH,FRF3,2015,78.63
A,PC_HH,FRF3,2016,81.75
A,PC_HH,FRF3,2017,76.85
A,PC_HH,FRF3,2018,80.8
A,PC_HH,FRF3,2019,81.47
A,PC_HH,FRF3,2021,88.12
A,PC_HH,FRG,2014,77.64
A,PC_HH,FRG,2015,80.24
A,PC_HH,FRG,2016,76.96
A,PC_HH,FRG,2017,77.26
A,PC_HH,FRG,2018,82.93
A,PC_HH,FRG,2019,85.48
A,PC_HH,FRG,2021,87.82
A,PC_HH,FRG0,2014,77.64
A,PC_HH,FRG0,2015,80.24
A,PC_HH,FRG0,2016,76.96
A,PC_HH,FRG0,2017,77.26
A,PC_HH,FRG0,2018,82.93
A,PC_HH,FRG0,2019,85.48
A,PC_HH,FRG0,2021,87.82
A,PC_HH,FRH,2014,73.28
A,PC_HH,FRH,2015,75.01
A,PC_HH,FRH,2016,74.22
A,PC_HH,FRH,2017,78.34
A,PC_HH,FRH,2018,80.82
A,PC_HH,FRH,2019,84.37
A,PC_HH,FRH,2021,86.3
A,PC_HH,FRH0,2014,73.28
A,PC_HH,FRH0,2015,75.01
A,PC_HH,FRH0,2016,74.22
A,PC_HH,FRH0,2017,78.34
A,PC_HH,FRH0,2018,80.82
A,PC_HH,FRH0,2019,84.37
A,PC_HH,FRH0,2021,86.3
A,PC_HH,FRI,2014,73.92
A,PC_HH,FRI,2015,75.07
A,PC_HH,FRI,2016,80.04
A,PC_HH,FRI,2017,77.36
A,PC_HH,FRI,2018,79.61
A,PC_HH,FRI,2019,81.65
A,PC_HH,FRI,2021,86.54
A,PC_HH,FRI1,2014,72.97
A,PC_HH,FRI1,2015,77.65
A,PC_HH,FRI1,2016,82.89
A,PC_HH,FRI1,2017,80.36
A,PC_HH,FRI1,2018,82.81
A,PC_HH,FRI1,2019,83.25
A,PC_HH,FRI1,2021,89.13
A,PC_HH,FRI2,2014,72.13
A,PC_HH,FRI2,2015,70.33
A,PC_HH,FRI2,2016,71.34
A,PC_HH,FRI2,2017,74.06
A,PC_HH,FRI2,2018,63.49
A,PC_HH,FRI2,2019,71.17
A,PC_HH,FRI2,2021,75.28
A,PC_HH,FRI3,2014,76.62
A,PC_HH,FRI3,2015,72.07
A,PC_HH,FRI3,2016,78.58
A,PC_HH,FRI3,2017,73.04
A,PC_HH,FRI3,2018,81.64
A,PC_HH,FRI3,2019,82.7
A,PC_HH,FRI3,2021,86.9
A,PC_HH,FRJ,2014,79.12
A,PC_HH,FRJ,2015,72.46
A,PC_HH,FRJ,2016,78.85
A,PC_HH,FRJ,2017,79.55
A,PC_HH,FRJ,2018,81.04
A,PC_HH,FRJ,2019,80.67
A,PC_HH,FRJ,2021,85.34
A,PC_HH,FRJ1,2014,80.55
A,PC_HH,FRJ1,2015,68.86
A,PC_HH,FRJ1,2016,75.68
A,PC_HH,FRJ1,2017,77.14
A,PC_HH,FRJ1,2018,81.9
A,PC_HH,FRJ1,2019,79.73
A,PC_HH,FRJ1,2021,86.58
A,PC_HH,FRJ2,2014,77.76
A,PC_HH,FRJ2,2015,75.74
A,PC_HH,FRJ2,2016,82.03
A,PC_HH,FRJ2,2017,81.78
A,PC_HH,FRJ2,2018,80.23
A,PC_HH,FRJ2,2019,81.54
A,PC_HH,FRJ2,2021,84.11
A,PC_HH,FRK,2010,63.52
A,PC_HH,FRK,2011,66.6
A,PC_HH,FRK,2012,78.11
A,PC_HH,FRK,2013,78.28
A,PC_HH,FRK,2014,74.92
A,PC_HH,FRK,2015,77.47
A,PC_HH,FRK,2016,80.29
A,PC_HH,FRK,2017,80.59
A,PC_HH,FRK,2018,80.16
A,PC_HH,FRK,2019,83.25
A,PC_HH,FRK,2021,88.09
A,PC_HH,FRK1,2014,71.76
A,PC_HH,FRK1,2015,69.62
A,PC_HH,FRK1,2016,77.82
A,PC_HH,FRK1,2017,78.23
A,PC_HH,FRK1,2018,80.35
A,PC_HH,FRK1,2019,76.85
A,PC_HH,FRK1,2021,84.68
A,PC_HH,FRK2,2014,75.57
A,PC_HH,FRK2,2015,79.15
A,PC_HH,FRK2,2016,80.84
A,PC_HH,FRK2,2017,81.13
A,PC_HH,FRK2,2018,80.12
A,PC_HH,FRK2,2019,84.59
A,PC_HH,FRK2,2021,88.77
A,PC_HH,FRL,2014,74.64
A,PC_HH,FRL,2015,77.35
A,PC_HH,FRL,2016,81.17
A,PC_HH,FRL,2017,81.91
A,PC_HH,FRL,2018,81.0
A,PC_HH,FRL,2019,83.28
A,PC_HH,FRL,2021,88.45
A,PC_HH,FRL0,2014,74.64
A,PC_HH,FRL0,2015,77.35
A,PC_HH,FRL0,2016,81.17
A,PC_HH,FRL0,2017,81.91
A,PC_HH,FRL0,2018,81.0
A,PC_HH,FRL0,2019,83.28
A,PC_HH,FRL0,2021,88.45
A,PC_HH,FRM,2014,69.74
A,PC_HH,FRM,2015,57.15
A,PC_HH,FRM,2016,62.21
A,PC_HH,FRM,2017,63.76
A,PC_HH,FRM,2018,75.67
A,PC_HH,FRM,2019,76.96
A,PC_HH,FRM,2021,75.11
A,PC_HH,FRM0,2014,69.74
A,PC_HH,FRM0,2015,57.15
A,PC_HH,FRM0,2016,62.21
A,PC_HH,FRM0,2017,63.76
A,PC_HH,FRM0,2018,75.67
A,PC_HH,FRM0,2019,76.96
A,PC_HH,FRM0,2021,75.11
A,PC_HH,FRY,2015,63.47
A,PC_HH,FRY,2016,61.81
A,PC_HH,FRY,2017,62.92
A,PC_HH,FRY,2018,68.9
A,PC_HH,FRY,2019,70.73
A,PC_HH,FRY,2021,83.55
A,PC_HH,FRY1,2015,67.3
A,PC_HH,FRY1,2016,54.73
A,PC_HH,FRY1,2017,64.5
A,PC_HH,FRY1,2018,57.74
A,PC_HH,FRY1,2019,72.07
A,PC_HH,FRY1,2021,75.37
A,PC_HH,FRY2,2015,55.35
A,PC_HH,FRY2,2016,66.08
A,PC_HH,FRY2,2017,72.15
A,PC_HH,FRY2,2018,71.06
A,PC_HH,FRY2,2019,75.52
A,PC_HH,FRY2,2021,85.81
A,PC_HH,FRY3,2015,67.44
A,PC_HH,FRY3,2016,46.25
A,PC_HH,FRY3,2017,71.85
A,PC_HH,FRY3,2018,55.61
A,PC_HH,FRY3,2019,78.7
A,PC_HH,FRY3,2021,79.16
A,PC_HH,FRY4,2015,64.99
A,PC_HH,FRY4,2016,66.87
A,PC_HH,FRY4,2017,55.26
A,PC_HH,FRY4,2018,77.74
A,PC_HH,FRY4,2019,66.1
A,PC_HH,FRY4,2021,87.39
A,PC_HH,HR,2010,49.09
A,PC_HH,HR,2011,56.39
A,PC_HH,HR,2012,59.84
A,PC_HH,HR,2013,63.65
A,PC_HH,HR,2014,68.05
A,PC_HH,HR,2015,75.83
A,PC_HH,HR,2016,76.87
A,PC_HH,HR,2017,75.99
A,PC_HH,HR,2018,80.93
A,PC_HH,HR,2019,80.52
A,PC_HH,HR,2020,85.0
A,PC_HH,HR,2021,86.06
A,PC_HH,HR0,2010,49.09
A,PC_HH,HR0,2011,56.39
A,PC_HH,HR0,2012,59.84
A,PC_HH,HR0,2013,63.65
A,PC_HH,HR0,2014,68.05
A,PC_HH,HR0,2015,75.83
A,PC_HH,HR0,2016,76.87
A,PC_HH,HR0,2017,75.99
A,PC_HH,HR0,2018,80.93
A,PC_HH,HR0,2019,80.52
A,PC_HH,HR0,2020,85.0
A,PC_HH,HR0,2021,86.06
A,PC_HH,HR03,2010,50.69
A,PC_HH,HR03,2011,58.17
A,PC_HH,HR03,2012,60.67
A,PC_HH,HR03,2013,63.52
A,PC_HH,HR03,2014,71.5
A,PC_HH,HR03,2015,80.91
A,PC_HH,HR03,2016,77.65
A,PC_HH,HR03,2017,73.09
A,PC_HH,HR03,2018,83.05
A,PC_HH,HR03,2019,83.84
A,PC_HH,HR03,2020,88.28
A,PC_HH,HR03,2021,87.38
A,PC_HH,HR04,2010,48.33
A,PC_HH,HR04,2011,55.54
A,PC_HH,HR04,2012,59.44
A,PC_HH,HR04,2013,63.71
A,PC_HH,HR04,2014,66.37
A,PC_HH,HR04,2015,73.39
A,PC_HH,HR04,2016,76.5
A,PC_HH,HR04,2017,77.4
A,PC_HH,HR04,2018,79.89
A,PC_HH,HR04,2019,78.81
A,PC_HH,HR04,2020,83.36
A,PC_HH,HU,2010,50.52
A,PC_HH,HU,2011,59.06
A,PC_HH,HU,2012,66.26
A,PC_HH,HU,2013,69.2
A,PC_HH,HU,2014,72.5
A,PC_HH,HU,2015,74.86
A,PC_HH,HU,2016,78.21
A,PC_HH,HU,2017,81.89
A,PC_HH,HU,2018,82.87
A,PC_HH,HU,2019,85.89
A,PC_HH,HU,2020,87.23
A,PC_HH,HU,2021,90.78
A,PC_HH,HU1,2010,59.94
A,PC_HH,HU1,2011,67.1
A,PC_HH,HU1,2012,75.35
A,PC_HH,HU1,2013,77.86
A,PC_HH,HU1,2014,80.16
A,PC_HH,HU1,2015,83.09
A,PC_HH,HU1,2016,85.64
A,PC_HH,HU1,2017,88.75
A,PC_HH,HU1,2018,88.9
A,PC_HH,HU1,2019,90.67
A,PC_HH,HU1,2020,91.31
A,PC_HH,HU1,2021,94.8
A,PC_HH,HU10,2010,59.94
A,PC_HH,HU10,2011,67.1
A,PC_HH,HU10,2012,75.35
A,PC_HH,HU10,2013,77.86
A,PC_HH,HU10,2014,80.16
A,PC_HH,HU10,2015,83.09
A,PC_HH,HU10,2016,85.64
A,PC_HH,HU10,2017,88.75
A,PC_HH,HU11,2018,89.56
A,PC_HH,HU11,2019,92.11
A,PC_HH,HU11,2020,94.21
A,PC_HH,HU11,2021,95.62
A,PC_HH,HU12,2018,87.88
A,PC_HH,HU12,2019,88.46
A,PC_HH,HU12,2020,86.91
A,PC_HH,HU12,2021,93.62
A,PC_HH,HU2,2010,48.0
A,PC_HH,HU2,2011,58.46
A,PC_HH,HU2,2012,65.56
A,PC_HH,HU2,2013,68.68
A,PC_HH,HU2,2014,73.64
A,PC_HH,HU2,2015,75.95
A,PC_HH,HU2,2016,79.1
A,PC_HH,HU2,2017,82.71
A,PC_HH,HU2,2018,83.84
A,PC_HH,HU2,2019,86.12
A,PC_HH,HU2,2020,87.5
A,PC_HH,HU2,2021,91.12
A,PC_HH,HU21,2010,50.22
A,PC_HH,HU21,2011,59.64
A,PC_HH,HU21,2012,69.56
A,PC_HH,HU21,2013,70.98
A,PC_HH,HU21,2014,75.16
A,PC_HH,HU21,2015,77.93
A,PC_HH,HU21,2016,80.44
A,PC_HH,HU21,2017,84.88
A,PC_HH,HU21,2018,86.29
A,PC_HH,HU21,2019,87.63
A,PC_HH,HU21,2020,90.58
A,PC_HH,HU21,2021,92.1
A,PC_HH,HU22,2010,50.41
A,PC_HH,HU22,2011,61.92
A,PC_HH,HU22,2012,67.14
A,PC_HH,HU22,2013,70.26
A,PC_HH,HU22,2014,75.9
A,PC_HH,HU22,2015,77.05
A,PC_HH,HU22,2016,81.03
A,PC_HH,HU22,2017,83.05
A,PC_HH,HU22,2018,84.52
A,PC_HH,HU22,2019,85.29
A,PC_HH,HU22,2020,85.74
A,PC_HH,HU22,2021,91.89
A,PC_HH,HU23,2010,43.01
A,PC_HH,HU23,2011,53.5
A,PC_HH,HU23,2012,59.3
A,PC_HH,HU23,2013,64.35
A,PC_HH,HU23,2014,69.53
A,PC_HH,HU23,2015,72.47
A,PC_HH,HU23,2016,75.44
A,PC_HH,HU23,2017,79.81
A,PC_HH,HU23,2018,80.16
A,PC_HH,HU23,2019,85.21
A,PC_HH,HU23,2020,85.75
A,PC_HH,HU23,2021,89.03
A,PC_HH,HU3,2010,45.14
A,PC_HH,HU3,2011,53.27
A,PC_HH,HU3,2012,59.62
A,PC_HH,HU3,2013,62.75
A,PC_HH,HU3,2014,65.56
A,PC_HH,HU3,2015,67.47
A,PC_HH,HU3,2016,71.5
A,PC_HH,HU3,2017,75.61
A,PC_HH,HU3,2018,77.11
A,PC_HH,HU3,2019,81.7
A,PC_HH,HU3,2020,83.59
A,PC_HH,HU3,2021,87.07
A,PC_HH,HU31,2010,48.47
A,PC_HH,HU31,2011,54.23
A,PC_HH,HU31,2012,57.91
A,PC_HH,HU31,2013,64.95
A,PC_HH,HU31,2014,64.67
A,PC_HH,HU31,2015,67.76
A,PC_HH,HU31,2016,74.1
A,PC_HH,HU31,2017,75.2
A,PC_HH,HU31,2018,77.84
A,PC_HH,HU31,2019,81.29
A,PC_HH,HU31,2020,83.76
A,PC_HH,HU31,2021,86.26
A,PC_HH,HU32,2010,40.56
A,PC_HH,HU32,2011,51.57
A,PC_HH,HU32,2012,58.64
A,PC_HH,HU32,2013,61.66
A,PC_HH,HU32,2014,65.58
A,PC_HH,HU32,2015,67.09
A,PC_HH,HU32,2016,70.33
A,PC_HH,HU32,2017,75.66
A,PC_HH,HU32,2018,76.03
A,PC_HH,HU32,2019,82.34
A,PC_HH,HU32,2020,84.79
A,PC_HH,HU32,2021,88.04
A,PC_HH,HU33,2010,47.16
A,PC_HH,HU33,2011,54.28
A,PC_HH,HU33,2012,62.19
A,PC_HH,HU33,2013,62.04
A,PC_HH,HU33,2014,66.28
A,PC_HH,HU33,2015,67.62
A,PC_HH,HU33,2016,70.55
A,PC_HH,HU33,2017,75.9
A,PC_HH,HU33,2018,77.63
A,PC_HH,HU33,2019,81.37
A,PC_HH,HU33,2020,82.17
A,PC_HH,HU33,2021,86.72
A,PC_HH,IE,2010,57.52
A,PC_HH,IE,2011,65.43
A,PC_HH,IE,2012,65.44
A,PC_HH,IE,2013,67.0
A,PC_HH,IE,2014,79.55
A,PC_HH,IE,2015,82.69
A,PC_HH,IE,2016,85.81
A,PC_HH,IE,2017,88.04
A,PC_HH,IE,2018,88.1
A,PC_HH,IE,2019,89.94
A,PC_HH,IE,2020,91.82
A,PC_HH,IE,2021,93.35
A,PC_HH,IE0,2010,57.52
A,PC_HH,IE0,2011,65.43
A,PC_HH,IE0,2012,65.44
A,PC_HH,IE0,2013,67.0
A,PC_HH,IE0,2014,79.55
A,PC_HH,IE0,2015,82.69
A,PC_HH,IE0,2016,85.81
A,PC_HH,IE0,2017,88.04
A,PC_HH,IE0,2018,88.1
A,PC_HH,IE0,2019,89.94
A,PC_HH,IE0,2020,91.82
A,PC_HH,IE0,2021,93.35
A,PC_HH,IE01,2010,49.6
A,PC_HH,IE01,2011,59.68
A,PC_HH,IE01,2012,57.03
A,PC_HH,IE01,2013,59.21
A,PC_HH,IE01,2014,73.51
A,PC_HH,IE01,2015,78.42
A,PC_HH,IE01,2016,82.34
A,PC_HH,IE01,2017,83.25
A,PC_HH,IE02,2010,60.51
A,PC_HH,IE02,2011,67.59
A,PC_HH,IE02,2012,68.63
A,PC_HH,IE02,2013,69.92
A,PC_HH,IE02,2014,81.76
A,PC_HH,IE02,2015,84.22
A,PC_HH,IE02,2016,87.05
A,PC_HH,IE02,2017,89.77
A,PC_HH,IE04,2018,80.8
A,PC_HH,IE04,2019,83.94
A,PC_HH,IE04,2020,94.12
A,PC_HH,IE04,2021,92.88
A,PC_HH,IE05,2018,87.34
A,PC_HH,IE05,2019,89.57
A,PC_HH,IE05,2020,89.49
A,PC_HH,IE05,2021,90.78
A,PC_HH,IE06,2018,91.7
A,PC_HH,IE06,2019,92.5
A,PC_HH,IE06,2020,92.58
A,PC_HH,IE06,2021,95.22
A,PC_HH,IS,2010,86.96
A,PC_HH,IS,2011,92.42
A,PC_HH,IS,2012,92.75
A,PC_HH,IS,2013,95.49
A,PC_HH,IS,2014,92.67
A,PC_HH,IS,2017,96.19
A,PC_HH,IS,2018,97.02
A,PC_HH,IS,2019,94.56
A,PC_HH,IS,2020,96.72
A,PC_HH,IS,2021,94.9
A,PC_HH,IS0,2010,86.96
A,PC_HH,IS0,2011,92.42
A,PC_HH,IS0,2012,92.75
A,PC_HH,IS0,2013,95.49
A,PC_HH,IS0,2014,92.67
A,PC_HH,IS0,2017,96.19
A,PC_HH,IS0,2018,97.02
A,PC_HH,IS0,2019,94.56
A,PC_HH,IS0,2020,96.72
A,PC_HH,IS0,2021,94.9
A,PC_HH,IS00,2017,96.19
A,PC_HH,IS00,2018,97.02
A,PC_HH,IS00,2019,94.56
A,PC_HH,IS00,2020,96.72
A,PC_HH,IS00,2021,94.9
A,PC_HH,IT,2010,48.86
A,PC_HH,IT,2011,51.67
A,PC_HH,IT,2012,55.07
A,PC_HH,IT,2013,67.83
A,PC_HH,IT,2014,71.06
A,PC_HH,IT,2015,74.28
A,PC_HH,IT,2016,77.14
A,PC_HH,IT,2017,79.46
A,PC_HH,IT,2018,82.8
A,PC_HH,IT,2019,83.72
A,PC_HH,IT,2020,86.75
A,PC_HH,IT,2021,88.49
A,PC_HH,ITC,2010,51.05
A,PC_HH,ITC,2011,54.98
A,PC_HH,ITC,2012,57.98
A,PC_HH,ITC,2013,68.79
A,PC_HH,ITC,2014,73.32
A,PC_HH,ITC,2015,76.39
A,PC_HH,ITC,2016,80.64
A,PC_HH,ITC,2017,82.3
A,PC_HH,ITC,2018,85.18
A,PC_HH,ITC,2019,85.23
A,PC_HH,ITC,2020,88.39
A,PC_HH,ITC,2021,89.75
A,PC_HH,ITC1,2010,48.17
A,PC_HH,ITC1,2011,51.17
A,PC_HH,ITC1,2012,52.67
A,PC_HH,ITC1,2013,65.16
A,PC_HH,ITC1,2014,71.07
A,PC_HH,ITC1,2015,74.61
A,PC_HH,ITC1,2016,78.45
A,PC_HH,ITC1,2017,80.26
A,PC_HH,ITC1,2018,83.73
A,PC_HH,ITC1,2019,82.63
A,PC_HH,ITC1,2020,86.58
A,PC_HH,ITC1,2021,88.01
A,PC_HH,ITC2,2010,48.02
A,PC_HH,ITC2,2011,52.05
A,PC_HH,ITC2,2012,56.29
A,PC_HH,ITC2,2013,67.31
A,PC_HH,ITC2,2014,67.65
A,PC_HH,ITC2,2015,75.8
A,PC_HH,ITC2,2016,74.68
A,PC_HH,ITC2,2017,73.82
A,PC_HH,ITC2,2018,80.42
A,PC_HH,ITC2,2019,84.52
A,PC_HH,ITC2,2020,83.42
A,PC_HH,ITC2,2021,90.58
A,PC_HH,ITC3,2010,48.09
A,PC_HH,ITC3,2011,48.78
A,PC_HH,ITC3,2012,57.14
A,PC_HH,ITC3,2013,63.6
A,PC_HH,ITC3,2014,68.16
A,PC_HH,ITC3,2015,74.56
A,PC_HH,ITC3,2016,76.13
A,PC_HH,ITC3,2017,81.43
A,PC_HH,ITC3,2018,84.58
A,PC_HH,ITC3,2019,83.9
A,PC_HH,ITC3,2020,88.61
A,PC_HH,ITC3,2021,88.85
A,PC_HH,ITC4,2010,52.98
A,PC_HH,ITC4,2011,57.77
A,PC_HH,ITC4,2012,60.52
A,PC_HH,ITC4,2013,71.32
A,PC_HH,ITC4,2014,75.34
A,PC_HH,ITC4,2015,77.51
A,PC_HH,ITC4,2016,82.48
A,PC_HH,ITC4,2017,83.47
A,PC_HH,ITC4,2018,85.98
A,PC_HH,ITC4,2019,86.62
A,PC_HH,ITC4,2020,89.21
A,PC_HH,ITC4,2021,90.66
A,PC_HH,ITF,2010,41.81
A,PC_HH,ITF,2011,42.47
A,PC_HH,ITF,2012,46.66
A,PC_HH,ITF,2013,61.09
A,PC_HH,ITF,2014,64.63
A,PC_HH,ITF,2015,68.9
A,PC_HH,ITF,2016,70.78
A,PC_HH,ITF,2017,74.94
A,PC_HH,ITF,2018,76.93
A,PC_HH,ITF,2019,78.39
A,PC_HH,ITF,2020,81.35
A,PC_HH,ITF,2021,85.33
A,PC_HH,ITF1,2010,49.38
A,PC_HH,ITF1,2011,51.97
A,PC_HH,ITF1,2012,50.76
A,PC_HH,ITF1,2013,69.03
A,PC_HH,ITF1,2014,68.76
A,PC_HH,ITF1,2015,73.14
A,PC_HH,ITF1,2016,77.87
A,PC_HH,ITF1,2017,80.97
A,PC_HH,ITF1,2018,81.66
A,PC_HH,ITF1,2019,84.08
A,PC_HH,ITF1,2020,84.89
A,PC_HH,ITF1,2021,87.3
A,PC_HH,ITF2,2010,33.88
A,PC_HH,ITF2,2011,43.47
A,PC_HH,ITF2,2012,45.77
A,PC_HH,ITF2,2013,58.96
A,PC_HH,ITF2,2014,66.69
A,PC_HH,ITF2,2015,70.87
A,PC_HH,ITF2,2016,72.78
A,PC_HH,ITF2,2017,74.69
A,PC_HH,ITF2,2018,72.31
A,PC_HH,ITF2,2019,77.08
A,PC_HH,ITF2,2020,77.88
A,PC_HH,ITF2,2021,84.14
A,PC_HH,ITF3,2010,41.43
A,PC_HH,ITF3,2011,43.43
A,PC_HH,ITF3,2012,44.86
A,PC_HH,ITF3,2013,60.13
A,PC_HH,ITF3,2014,63.81
A,PC_HH,ITF3,2015,69.83
A,PC_HH,ITF3,2016,70.42
A,PC_HH,ITF3,2017,76.34
A,PC_HH,ITF3,2018,77.33
A,PC_HH,ITF3,2019,78.51
A,PC_HH,ITF3,2020,83.83
A,PC_HH,ITF3,2021,87.18
A,PC_HH,ITF4,2010,40.53
A,PC_HH,ITF4,2011,37.44
A,PC_HH,ITF4,2012,48.64
A,PC_HH,ITF4,2013,60.37
A,PC_HH,ITF4,2014,66.44
A,PC_HH,ITF4,2015,67.99
A,PC_HH,ITF4,2016,70.29
A,PC_HH,ITF4,2017,74.14
A,PC_HH,ITF4,2018,76.99
A,PC_HH,ITF4,2019,77.29
A,PC_HH,ITF4,2020,79.91
A,PC_HH,ITF4,2021,82.97
A,PC_HH,ITF5,2010,40.78
A,PC_HH,ITF5,2011,43.59
A,PC_HH,ITF5,2012,42.83
A,PC_HH,ITF5,2013,65.08
A,PC_HH,ITF5,2014,61.21
A,PC_HH,ITF5,2015,67.88
A,PC_HH,ITF5,2016,70.25
A,PC_HH,ITF5,2017,73.16
A,PC_HH,ITF5,2018,78.27
A,PC_HH,ITF5,2019,78.26
A,PC_HH,ITF5,2020,80.11
A,PC_HH,ITF5,2021,84.95
A,PC_HH,ITF6,2010,41.74
A,PC_HH,ITF6,2011,42.63
A,PC_HH,ITF6,2012,46.26
A,PC_HH,ITF6,2013,58.95
A,PC_HH,ITF6,2014,61.21
A,PC_HH,ITF6,2015,65.24
A,PC_HH,ITF6,2016,67.86
A,PC_HH,ITF6,2017,69.28
A,PC_HH,ITF6,2018,72.89
A,PC_HH,ITF6,2019,76.57
A,PC_HH,ITF6,2020,75.73
A,PC_HH,ITF6,2021,83.65
A,PC_HH,ITG,2010,42.88
A,PC_HH,ITG,2011,45.82
A,PC_HH,ITG,2012,51.04
A,PC_HH,ITG,2013,61.3
A,PC_HH,ITG,2014,65.77
A,PC_HH,ITG,2015,67.63
A,PC_HH,ITG,2016,71.37
A,PC_HH,ITG,2017,75.0
A,PC_HH,ITG,2018,77.18
A,PC_HH,ITG,2019,78.48
A,PC_HH,ITG,2020,79.96
A,PC_HH,ITG,2021,84.78
A,PC_HH,ITG1,2010,39.27
A,PC_HH,ITG1,2011,42.24
A,PC_HH,ITG1,2012,48.6
A,PC_HH,ITG1,2013,58.3
A,PC_HH,ITG1,2014,62.45
A,PC_HH,ITG1,2015,65.33
A,PC_HH,ITG1,2016,68.81
A,PC_HH,ITG1,2017,73.71
A,PC_HH,ITG1,2018,73.95
A,PC_HH,ITG1,2019,76.36
A,PC_HH,ITG1,2020,78.37
A,PC_HH,ITG1,2021,83.43
A,PC_HH,ITG2,2010,53.6
A,PC_HH,ITG2,2011,55.99
A,PC_HH,ITG2,2012,57.99
A,PC_HH,ITG2,2013,69.76
A,PC_HH,ITG2,2014,74.77
A,PC_HH,ITG2,2015,74.02
A,PC_HH,ITG2,2016,78.51
A,PC_HH,ITG2,2017,78.63
A,PC_HH,ITG2,2018,86.08
A,PC_HH,ITG2,2019,84.34
A,PC_HH,ITG2,2020,84.32
A,PC_HH,ITG2,2021,88.52
A,PC_HH,ITH,2010,52.54
A,PC_HH,ITH,2011,55.7
A,PC_HH,ITH,2012,59.87
A,PC_HH,ITH,2013,73.52
A,PC_HH,ITH,2014,75.32
A,PC_HH,ITH,2015,78.05
A,PC_HH,ITH,2016,80.4
A,PC_HH,ITH,2017,81.74
A,PC_HH,ITH,2018,86.46
A,PC_HH,ITH,2019,87.83
A,PC_HH,ITH,2020,90.49
A,PC_HH,ITH,2021,90.89
A,PC_HH,ITH1,2010,49.66
A,PC_HH,ITH1,2011,55.1
A,PC_HH,ITH1,2012,58.82
A,PC_HH,ITH1,2013,74.33
A,PC_HH,ITH1,2014,79.0
A,PC_HH,ITH1,2015,78.55
A,PC_HH,ITH1,2016,76.45
A,PC_HH,ITH1,2017,80.28
A,PC_HH,ITH1,2018,84.34
A,PC_HH,ITH1,2019,85.44
A,PC_HH,ITH1,2020,89.69
A,PC_HH,ITH1,2021,88.91
A,PC_HH,ITH2,2010,56.92
A,PC_HH,ITH2,2011,58.1
A,PC_HH,ITH2,2012,64.46
A,PC_HH,ITH2,2013,70.81
A,PC_HH,ITH2,2014,76.69
A,PC_HH,ITH2,2015,79.97
A,PC_HH,ITH2,2016,81.66
A,PC_HH,ITH2,2017,81.76
A,PC_HH,ITH2,2018,87.9
A,PC_HH,ITH2,2019,91.13
A,PC_HH,ITH2,2020,92.87
A,PC_HH,ITH2,2021,91.72
A,PC_HH,ITH3,2010,53.9
A,PC_HH,ITH3,2011,54.87
A,PC_HH,ITH3,2012,59.74
A,PC_HH,ITH3,2013,73.63
A,PC_HH,ITH3,2014,72.65
A,PC_HH,ITH3,2015,77.18
A,PC_HH,ITH3,2016,80.31
A,PC_HH,ITH3,2017,81.02
A,PC_HH,ITH3,2018,85.67
A,PC_HH,ITH3,2019,87.43
A,PC_HH,ITH3,2020,90.16
A,PC_HH,ITH3,2021,89.77
A,PC_HH,ITH4,2010,50.99
A,PC_HH,ITH4,2011,55.71
A,PC_HH,ITH4,2012,58.84
A,PC_HH,ITH4,2013,70.33
A,PC_HH,ITH4,2014,77.27
A,PC_HH,ITH4,2015,78.89
A,PC_HH,ITH4,2016,79.6
A,PC_HH,ITH4,2017,80.18
A,PC_HH,ITH4,2018,82.39
A,PC_HH,ITH4,2019,86.55
A,PC_HH,ITH4,2020,91.36
A,PC_HH,ITH4,2021,90.26
A,PC_HH,ITH5,2012,59.88
A,PC_HH,ITH5,2013,74.57
A,PC_HH,ITH5,2014,77.01
A,PC_HH,ITH5,2015,78.41
A,PC_HH,ITH5,2016,81.03
A,PC_HH,ITH5,2017,83.07
A,PC_HH,ITH5,2018,88.48
A,PC_HH,ITH5,2019,88.47
A,PC_HH,ITH5,2020,90.43
A,PC_HH,ITH5,2021,92.4
A,PC_HH,ITI,2010,52.92
A,PC_HH,ITI,2011,55.96
A,PC_HH,ITI,2012,57.33
A,PC_HH,ITI,2013,71.63
A,PC_HH,ITI,2014,73.42
A,PC_HH,ITI,2015,77.15
A,PC_HH,ITI,2016,79.18
A,PC_HH,ITI,2017,80.53
A,PC_HH,ITI,2018,85.27
A,PC_HH,ITI,2019,86.24
A,PC_HH,ITI,2020,90.39
A,PC_HH,ITI,2021,89.81
A,PC_HH,ITI1,2010,54.07
A,PC_HH,ITI1,2011,57.72
A,PC_HH,ITI1,2012,56.31
A,PC_HH,ITI1,2013,71.91
A,PC_HH,ITI1,2014,74.27
A,PC_HH,ITI1,2015,75.39
A,PC_HH,ITI1,2016,78.82
A,PC_HH,ITI1,2017,79.94
A,PC_HH,ITI1,2018,85.98
A,PC_HH,ITI1,2019,85.62
A,PC_HH,ITI1,2020,90.24
A,PC_HH,ITI1,2021,89.51
A,PC_HH,ITI2,2010,51.32
A,PC_HH,ITI2,2011,52.77
A,PC_HH,ITI2,2012,58.05
A,PC_HH,ITI2,2013,72.86
A,PC_HH,ITI2,2014,71.06
A,PC_HH,ITI2,2015,77.43
A,PC_HH,ITI2,2016,78.63
A,PC_HH,ITI2,2017,78.75
A,PC_HH,ITI2,2018,83.16
A,PC_HH,ITI2,2019,85.59
A,PC_HH,ITI2,2020,85.74
A,PC_HH,ITI2,2021,87.26
A,PC_HH,ITI3,2012,58.49
A,PC_HH,ITI3,2013,71.76
A,PC_HH,ITI3,2014,73.53
A,PC_HH,ITI3,2015,77.31
A,PC_HH,ITI3,2016,78.04
A,PC_HH,ITI3,2017,81.69
A,PC_HH,ITI3,2018,86.92
A,PC_HH,ITI3,2019,85.98
A,PC_HH,ITI3,2020,88.89
A,PC_HH,ITI3,2021,86.64
A,PC_HH,ITI4,2010,52.98
A,PC_HH,ITI4,2011,55.25
A,PC_HH,ITI4,2012,57.56
A,PC_HH,ITI4,2013,71.25
A,PC_HH,ITI4,2014,73.2
A,PC_HH,ITI4,2015,78.15
A,PC_HH,ITI4,2016,79.76
A,PC_HH,ITI4,2017,80.86
A,PC_HH,ITI4,2018,84.74
A,PC_HH,ITI4,2019,86.78
A,PC_HH,ITI4,2020,91.47
A,PC_HH,ITI4,2021,91.16
A,PC_HH,LT,2010,53.57
A,PC_HH,LT,2011,55.65
A,PC_HH,LT,2012,59.6
A,PC_HH,LT,2013,64.1
A,PC_HH,LT,2014,65.37
A,PC_HH,LT,2015,67.33
A,PC_HH,LT,2016,71.02
A,PC_HH,LT,2017,74.67
A,PC_HH,LT,2018,77.89
A,PC_HH,LT,2019,81.36
A,PC_HH,LT,2020,81.83
A,PC_HH,LT,2021,85.95
A,PC_HH,LT0,2010,53.57
A,PC_HH,LT0,2011,55.65
A,PC_HH,LT0,2012,59.6
A,PC_HH,LT0,2013,64.1
A,PC_HH,LT0,2014,65.37
A,PC_HH,LT0,2015,67.33
A,PC_HH,LT0,2016,71.02
A,PC_HH,LT0,2017,74.67
A,PC_HH,LT0,2018,77.89
A,PC_HH,LT0,2019,81.36
A,PC_HH,LT0,2020,81.83
A,PC_HH,LT0,2021,85.95
A,PC_HH,LT00,2010,53.57
A,PC_HH,LT00,2011,55.65
A,PC_HH,LT00,2012,59.6
A,PC_HH,LT00,2013,64.1
A,PC_HH,LT00,2014,65.37
A,PC_HH,LT00,2015,67.33
A,PC_HH,LT00,2016,71.02
A,PC_HH,LT00,2017,74.67
A,PC_HH,LT01,2018,80.93
A,PC_HH,LT01,2019,83.16
A,PC_HH,LT01,2020,86.43
A,PC_HH,LT01,2021,87.43
A,PC_HH,LT02,2018,76.71
A,PC_HH,LT02,2019,80.63
A,PC_HH,LT02,2020,79.98
A,PC_HH,LT02,2021,85.33
A,PC_HH,LU,2010,70.33
A,PC_HH,LU,2011,67.74
A,PC_HH,LU,2012,67.87
A,PC_HH,LU,2013,69.88
A,PC_HH,LU,2014,92.68
A,PC_HH,LU,2015,95.1
A,PC_HH,LU,2016,96.78
A,PC_HH,LU,2017,97.04
A,PC_HH,LU,2018,92.87
A,PC_HH,LU,2019,95.2
A,PC_HH,LU,2020,93.57
A,PC_HH,LU,2021,97.35
A,PC_HH,LU0,2010,70.33
A,PC_HH,LU0,2011,67.74
A,PC_HH,LU0,2012,67.87
A,PC_HH,LU0,2013,69.88
A,PC_HH,LU0,2014,92.68
A,PC_HH,LU0,2015,95.1
A,PC_HH,LU0,2016,96.78
A,PC_HH,LU0,2017,97.04
A,PC_HH,LU0,2018,92.87
A,PC_HH,LU0,2019,95.2
A,PC_HH,LU0,2020,93.57
A,PC_HH,LU0,2021,97.35
A,PC_HH,LU00,2010,70.33
A,PC_HH,LU00,2011,67.74
A,PC_HH,LU00,2012,67.87
A,PC_HH,LU00,2013,69.88
A,PC_HH,LU00,2014,92.68
A,PC_HH,LU00,2015,95.1
A,PC_HH,LU00,2016,96.78
A,PC_HH,LU00,2017,97.04
A,PC_HH,LU00,2018,92.87
A,PC_HH,LU00,2019,95.2
A,PC_HH,LU00,2020,93.57
A,PC_HH,LU00,2021,97.35
A,PC_HH,LV,2010,52.56
A,PC_HH,LV,2011,59.38
A,PC_HH,LV,2012,67.28
A,PC_HH,LV,2013,70.13
A,PC_HH,LV,2014,73.09
A,PC_HH,LV,2015,74.38
A,PC_HH,LV,2016,75.08
A,PC_HH,LV,2017,76.5
A,PC_HH,LV,2018,78.79
A,PC_HH,LV,2019,83.3
A,PC_HH,LV,2020,87.55
A,PC_HH,LV,2021,89.48
A,PC_HH,LV0,2010,52.56
A,PC_HH,LV0,2011,59.38
A,PC_HH,LV0,2012,67.28
A,PC_HH,LV0,2013,70.13
A,PC_HH,LV0,2014,73.09
A,PC_HH,LV0,2015,74.38
A,PC_HH,LV0,2016,75.08
A,PC_HH,LV0,2017,76.5
A,PC_HH,LV0,2018,78.79
A,PC_HH,LV0,2019,83.3
A,PC_HH,LV0,2020,87.55
A,PC_HH,LV0,2021,89.48
A,PC_HH,LV00,2010,52.56
A,PC_HH,LV00,2011,59.38
A,PC_HH,LV00,2012,67.28
A,PC_HH,LV00,2013,70.13
A,PC_HH,LV00,2014,73.09
A,PC_HH,LV00,2015,74.38
A,PC_HH,LV00,2016,75.08
A,PC_HH,LV00,2017,76.5
A,PC_HH,LV00,2018,78.79
A,PC_HH,LV00,2019,83.3
A,PC_HH,LV00,2020,87.55
A,PC_HH,LV00,2021,89.48
A,PC_HH,ME,2012,52.08
A,PC_HH,ME,2017,65.33
A,PC_HH,ME,2018,69.39
A,PC_HH,ME,2019,72.37
A,PC_HH,ME,2020,78.13
A,PC_HH,ME,2021,77.82
A,PC_HH,MK,2010,37.21
A,PC_HH,MK,2012,58.1
A,PC_HH,MK,2013,64.75
A,PC_HH,MK,2014,67.73
A,PC_HH,MK,2015,69.0
A,PC_HH,MK,2016,74.69
A,PC_HH,MK,2017,67.14
A,PC_HH,MK,2018,78.21
A,PC_HH,MK,2019,80.38
A,PC_HH,MK,2020,78.52
A,PC_HH,MK,2021,83.12
A,PC_HH,MK0,2010,37.21
A,PC_HH,MK0,2012,58.1
A,PC_HH,MK0,2013,64.75
A,PC_HH,MK0,2014,67.73
A,PC_HH,MK0,2015,69.0
A,PC_HH,MK0,2016,74.69
A,PC_HH,MK0,2017,67.14
A,PC_HH,MK0,2018,78.21
A,PC_HH,MK0,2019,80.38
A,PC_HH,MK0,2020,78.52
A,PC_HH,MK0,2021,83.12
A,PC_HH,MK00,2010,37.21
A,PC_HH,MK00,2012,58.1
A,PC_HH,MK00,2013,64.75
A,PC_HH,MK00,2014,67.73
A,PC_HH,MK00,2015,69.0
A,PC_HH,MK00,2016,74.69
A,PC_HH,MK00,2017,67.14
A,PC_HH,MK00,2018,78.21
A,PC_HH,MK00,2019,80.38
A,PC_HH,MK00,2020,78.52
A,PC_HH,MT,2010,69.3
A,PC_HH,MT,2011,74.92
A,PC_HH,MT,2012,76.58
A,PC_HH,MT,2013,77.99
A,PC_HH,MT,2014,79.73
A,PC_HH,MT,2015,80.81
A,PC_HH,MT,2016,81.23
A,PC_HH,MT,2017,84.77
A,PC_HH,MT,2018,84.14
A,PC_HH,MT,2019,85.91
A,PC_HH,MT,2020,90.36
A,PC_HH,MT,2021,90.54
A,PC_HH,MT0,2010,69.3
A,PC_HH,MT0,2011,74.92
A,PC_HH,MT0,2012,76.58
A,PC_HH,MT0,2013,77.99
A,PC_HH,MT0,2014,79.73
A,PC_HH,MT0,2015,80.81
A,PC_HH,MT0,2016,81.23
A,PC_HH,MT0,2017,84.77
A,PC_HH,MT0,2018,84.14
A,PC_HH,MT0,2019,85.91
A,PC_HH,MT0,2020,90.36
A,PC_HH,MT0,2021,90.54
A,PC_HH,MT00,2010,69.3
A,PC_HH,MT00,2011,74.92
A,PC_HH,MT00,2012,76.58
A,PC_HH,MT00,2013,77.99
A,PC_HH,MT00,2014,79.73
A,PC_HH,MT00,2015,80.81
A,PC_HH,MT00,2016,81.23
A,PC_HH,MT00,2017,84.77
A,PC_HH,MT00,2018,84.14
A,PC_HH,MT00,2019,85.91
A,PC_HH,MT00,2020,90.36
A,PC_HH,MT00,2021,90.54
A,PC_HH,NL,2010,79.51
A,PC_HH,NL,2011,82.93
A,PC_HH,NL,2012,84.46
A,PC_HH,NL,2013,86.91
A,PC_HH,NL,2014,94.37
A,PC_HH,NL,2015,94.0
A,PC_HH,NL,2016,95.41
A,PC_HH,NL,2017,97.8
A,PC_HH,NL,2018,97.41
A,PC_HH,NL,2019,97.92
A,PC_HH,NL,2020,96.95
A,PC_HH,NL,2021,98.56
A,PC_HH,NL1,2010,75.12
A,PC_HH,NL1,2011,85.83
A,PC_HH,NL1,2012,84.49
A,PC_HH,NL1,2013,84.99
A,PC_HH,NL1,2014,93.68
A,PC_HH,NL1,2015,93.69
A,PC_HH,NL1,2016,95.97
A,PC_HH,NL1,2017,98.36
A,PC_HH,NL1,2018,96.76
A,PC_HH,NL1,2019,95.35
A,PC_HH,NL1,2020,96.65
A,PC_HH,NL1,2021,97.68
A,PC_HH,NL11,2010,74.71
A,PC_HH,NL11,2011,85.04
A,PC_HH,NL11,2012,87.27
A,PC_HH,NL11,2013,86.47
A,PC_HH,NL11,2014,91.79
A,PC_HH,NL11,2015,96.48
A,PC_HH,NL11,2016,97.66
A,PC_HH,NL11,2017,98.86
A,PC_HH,NL11,2018,99.06
A,PC_HH,NL11,2019,93.43
A,PC_HH,NL11,2020,96.04
A,PC_HH,NL11,2021,98.58
A,PC_HH,NL12,2010,74.25
A,PC_HH,NL12,2011,87.71
A,PC_HH,NL12,2012,81.18
A,PC_HH,NL12,2013,83.28
A,PC_HH,NL12,2014,95.41
A,PC_HH,NL12,2015,92.61
A,PC_HH,NL12,2016,94.61
A,PC_HH,NL12,2017,97.41
A,PC_HH,NL12,2018,95.78
A,PC_HH,NL12,2019,96.71
A,PC_HH,NL12,2020,96.4
A,PC_HH,NL12,2021,96.91
A,PC_HH,NL13,2010,76.93
A,PC_HH,NL13,2011,84.52
A,PC_HH,NL13,2012,85.84
A,PC_HH,NL13,2013,85.12
A,PC_HH,NL13,2014,94.09
A,PC_HH,NL13,2015,91.48
A,PC_HH,NL13,2016,95.41
A,PC_HH,NL13,2017,99.09
A,PC_HH,NL13,2018,94.48
A,PC_HH,NL13,2019,96.16
A,PC_HH,NL13,2020,97.85
A,PC_HH,NL13,2021,97.51
A,PC_HH,NL2,2010,77.29
A,PC_HH,NL2,2011,83.42
A,PC_HH,NL2,2012,84.69
A,PC_HH,NL2,2013,86.91
A,PC_HH,NL2,2014,95.05
A,PC_HH,NL2,2015,95.0
A,PC_HH,NL2,2016,96.07
A,PC_HH,NL2,2017,96.11
A,PC_HH,NL2,2018,97.42
A,PC_HH,NL2,2019,97.62
A,PC_HH,NL2,2020,97.48
A,PC_HH,NL2,2021,98.87
A,PC_HH,NL21,2010,81.54
A,PC_HH,NL21,2011,85.66
A,PC_HH,NL21,2012,87.52
A,PC_HH,NL21,2013,88.13
A,PC_HH,NL21,2014,95.52
A,PC_HH,NL21,2015,96.96
A,PC_HH,NL21,2016,94.64
A,PC_HH,NL21,2017,95.67
A,PC_HH,NL21,2018,98.33
A,PC_HH,NL21,2019,95.62
A,PC_HH,NL21,2020,97.48
A,PC_HH,NL21,2021,99.39
A,PC_HH,NL22,2010,73.61
A,PC_HH,NL22,2011,81.32
A,PC_HH,NL22,2012,81.8
A,PC_HH,NL22,2013,85.16
A,PC_HH,NL22,2014,95.72
A,PC_HH,NL22,2015,94.57
A,PC_HH,NL22,2016,96.16
A,PC_HH,NL22,2017,95.57
A,PC_HH,NL22,2018,97.97
A,PC_HH,NL22,2019,98.43
A,PC_HH,NL22,2020,97.22
A,PC_HH,NL22,2021,98.73
A,PC_HH,NL23,2010,83.6
A,PC_HH,NL23,2011,88.19
A,PC_HH,NL23,2012,91.71
A,PC_HH,NL23,2013,92.45
A,PC_HH,NL23,2014,89.93
A,PC_HH,NL23,2015,91.26
A,PC_HH,NL23,2016,100.0
A,PC_HH,NL23,2017,100.0
A,PC_HH,NL23,2018,92.7
A,PC_HH,NL23,2019,99.22
A,PC_HH,NL23,2020,98.74
A,PC_HH,NL23,2021,98.23
A,PC_HH,NL3,2010,81.81
A,PC_HH,NL3,2011,83.47
A,PC_HH,NL3,2012,83.92
A,PC_HH,NL3,2013,88.08
A,PC_HH,NL3,2014,94.44
A,PC_HH,NL3,2015,93.64
A,PC_HH,NL3,2016,95.06
A,PC_HH,NL3,2017,98.31
A,PC_HH,NL3,2018,97.65
A,PC_HH,NL3,2019,98.29
A,PC_HH,NL3,2020,96.91
A,PC_HH,NL3,2021,98.67
A,PC_HH,NL31,2010,83.84
A,PC_HH,NL31,2011,82.75
A,PC_HH,NL31,2012,79.44
A,PC_HH,NL31,2013,91.85
A,PC_HH,NL31,2014,95.85
A,PC_HH,NL31,2015,96.26
A,PC_HH,NL31,2016,96.38
A,PC_HH,NL31,2017,98.01
A,PC_HH,NL31,2018,96.52
A,PC_HH,NL31,2019,98.29
A,PC_HH,NL31,2020,96.93
A,PC_HH,NL31,2021,99.48
A,PC_HH,NL32,2010,84.94
A,PC_HH,NL32,2011,87.32
A,PC_HH,NL32,2012,84.7
A,PC_HH,NL32,2013,89.92
A,PC_HH,NL32,2014,93.75
A,PC_HH,NL32,2015,94.29
A,PC_HH,NL32,2016,94.39
A,PC_HH,NL32,2017,99.05
A,PC_HH,NL32,2018,98.48
A,PC_HH,NL32,2019,98.37
A,PC_HH,NL32,2020,97.88
A,PC_HH,NL32,2021,98.5
A,PC_HH,NL33,2010,79.67
A,PC_HH,NL33,2011,81.14
A,PC_HH,NL33,2012,84.44
A,PC_HH,NL33,2013,85.68
A,PC_HH,NL33,2014,94.24
A,PC_HH,NL33,2015,92.32
A,PC_HH,NL33,2016,95.42
A,PC_HH,NL33,2017,98.03
A,PC_HH,NL33,2018,97.43
A,PC_HH,NL33,2019,98.2
A,PC_HH,NL33,2020,96.36
A,PC_HH,NL33,2021,98.39
A,PC_HH,NL34,2010,70.56
A,PC_HH,NL34,2011,78.7
A,PC_HH,NL34,2012,87.72
A,PC_HH,NL34,2013,84.7
A,PC_HH,NL34,2014,97.37
A,PC_HH,NL34,2015,92.27
A,PC_HH,NL34,2016,91.66
A,PC_HH,NL34,2017,96.03
A,PC_HH,NL34,2018,97.11
A,PC_HH,NL34,2019,98.74
A,PC_HH,NL34,2020,94.62
A,PC_HH,NL34,2021,100.0
A,PC_HH,NL4,2010,78.65
A,PC_HH,NL4,2011,79.86
A,PC_HH,NL4,2012,85.5
A,PC_HH,NL4,2013,85.09
A,PC_HH,NL4,2014,93.9
A,PC_HH,NL4,2015,94.06
A,PC_HH,NL4,2016,95.3
A,PC_HH,NL4,2017,98.01
A,PC_HH,NL4,2018,97.18
A,PC_HH,NL4,2019,98.56
A,PC_HH,NL4,2020,96.67
A,PC_HH,NL4,2021,98.38
A,PC_HH,NL41,2010,79.42
A,PC_HH,NL41,2011,79.35
A,PC_HH,NL41,2012,86.16
A,PC_HH,NL41,2013,84.95
A,PC_HH,NL41,2014,93.39
A,PC_HH,NL41,2015,92.95
A,PC_HH,NL41,2016,96.39
A,PC_HH,NL41,2017,97.97
A,PC_HH,NL41,2018,97.63
A,PC_HH,NL41,2019,98.36
A,PC_HH,NL41,2020,96.93
A,PC_HH,NL41,2021,98.5
A,PC_HH,NL42,2010,77.06
A,PC_HH,NL42,2011,80.87
A,PC_HH,NL42,2012,84.1
A,PC_HH,NL42,2013,85.41
A,PC_HH,NL42,2014,94.97
A,PC_HH,NL42,2015,96.48
A,PC_HH,NL42,2016,92.87
A,PC_HH,NL42,2017,98.1
A,PC_HH,NL42,2018,96.16
A,PC_HH,NL42,2019,99.03
A,PC_HH,NL42,2020,96.07
A,PC_HH,NL42,2021,98.12
A,PC_HH,NO,2010,82.57
A,PC_HH,NO,2011,80.35
A,PC_HH,NO,2012,85.81
A,PC_HH,NO,2013,87.83
A,PC_HH,NO,2014,87.87
A,PC_HH,NO,2015,91.1
A,PC_HH,NO,2016,96.15
A,PC_HH,NO,2017,93.85
A,PC_HH,NO,2018,94.09
A,PC_HH,NO,2019,97.44
A,PC_HH,NO,2020,96.01
A,PC_HH,NO,2021,98.6
A,PC_HH,NO0,2010,82.57
A,PC_HH,NO0,2011,80.35
A,PC_HH,NO0,2012,85.81
A,PC_HH,NO0,2013,87.83
A,PC_HH,NO0,2014,87.87
A,PC_HH,NO0,2015,91.1
A,PC_HH,NO0,2016,96.15
A,PC_HH,NO0,2017,93.85
A,PC_HH,NO0,2018,94.09
A,PC_HH,NO0,2019,97.44
A,PC_HH,NO0,2020,96.01
A,PC_HH,NO0,2021,98.6
A,PC_HH,NO01,2010,85.91
A,PC_HH,NO01,2011,83.49
A,PC_HH,NO01,2012,90.17
A,PC_HH,NO01,2013,92.23
A,PC_HH,NO01,2014,94.79
A,PC_HH,NO01,2015,91.59
A,PC_HH,NO01,2016,95.7
A,PC_HH,NO01,2017,95.65
A,PC_HH,NO01,2018,93.67
A,PC_HH,NO01,2019,98.42
A,PC_HH,NO01,2020,99.02
A,PC_HH,NO02,2010,75.04
A,PC_HH,NO02,2011,74.87
A,PC_HH,NO02,2012,82.18
A,PC_HH,NO02,2013,89.72
A,PC_HH,NO02,2014,76.77
A,PC_HH,NO02,2015,96.45
A,PC_HH,NO02,2016,92.83
A,PC_HH,NO02,2017,90.85
A,PC_HH,NO02,2018,98.3
A,PC_HH,NO02,2019,100.0
A,PC_HH,NO02,2020,81.63
A,PC_HH,NO02,2021,100.0
A,PC_HH,NO03,2010,80.86
A,PC_HH,NO03,2011,78.61
A,PC_HH,NO03,2012,83.72
A,PC_HH,NO03,2013,85.61
A,PC_HH,NO03,2014,88.21
A,PC_HH,NO03,2015,90.47
A,PC_HH,NO03,2016,96.6
A,PC_HH,NO03,2017,94.85
A,PC_HH,NO03,2018,92.46
A,PC_HH,NO03,2019,98.52
A,PC_HH,NO03,2020,94.63
A,PC_HH,NO04,2010,81.39
A,PC_HH,NO04,2011,75.75
A,PC_HH,NO04,2012,89.3
A,PC_HH,NO04,2013,83.71
A,PC_HH,NO04,2014,84.4
A,PC_HH,NO04,2015,86.18
A,PC_HH,NO04,2016,97.72
A,PC_HH,NO04,2017,94.95
A,PC_HH,NO04,2018,99.31
A,PC_HH,NO04,2019,98.06
A,PC_HH,NO04,2020,95.13
A,PC_HH,NO05,2010,85.57
A,PC_HH,NO05,2011,82.22
A,PC_HH,NO05,2012,83.31
A,PC_HH,NO05,2013,86.03
A,PC_HH,NO05,2014,87.05
A,PC_HH,NO05,2015,93.72
A,PC_HH,NO05,2016,98.89
A,PC_HH,NO05,2017,92.37
A,PC_HH,NO05,2018,92.48
A,PC_HH,NO05,2019,96.89
A,PC_HH,NO05,2020,96.22
A,PC_HH,NO06,2010,84.23
A,PC_HH,NO06,2011,86.38
A,PC_HH,NO06,2012,83.05
A,PC_HH,NO06,2013,90.89
A,PC_HH,NO06,2014,82.53
A,PC_HH,NO06,2015,82.84
A,PC_HH,NO06,2016,99.08
A,PC_HH,NO06,2017,88.81
A,PC_HH,NO06,2018,93.27
A,PC_HH,NO06,2019,92.22
A,PC_HH,NO06,2020,100.0
A,PC_HH,NO06,2021,99.86
A,PC_HH,NO07,2010,79.26
A,PC_HH,NO07,2011,74.38
A,PC_HH,NO07,2012,82.95
A,PC_HH,NO07,2013,85.41
A,PC_HH,NO07,2014,89.69
A,PC_HH,NO07,2015,96.4
A,PC_HH,NO07,2016,91.16
A,PC_HH,NO07,2017,95.87
A,PC_HH,NO07,2018,90.9
A,PC_HH,NO07,2019,96.54
A,PC_HH,NO07,2020,99.41
A,PC_HH,NO07,2021,99.53
A,PC_HH,PL,2010,56.8
A,PC_HH,PL,2011,61.12
A,PC_HH,PL,2012,67.0
A,PC_HH,PL,2013,68.78
A,PC_HH,PL,2014,71.12
A,PC_HH,PL,2015,71.0
A,PC_HH,PL,2016,75.71
A,PC_HH,PL,2017,77.64
A,PC_HH,PL,2018,79.33
A,PC_HH,PL,2019,83.3
A,PC_HH,PL,2020,89.57
A,PC_HH,PL,2021,91.72
A,PC_HH,PL1,2010,56.35
A,PC_HH,PL1,2011,59.73
A,PC_HH,PL1,2012,68.19
A,PC_HH,PL1,2013,68.85
A,PC_HH,PL1,2014,72.44
A,PC_HH,PL1,2015,71.28
A,PC_HH,PL1,2016,76.27
A,PC_HH,PL1,2017,77.29
A,PC_HH,PL2,2010,55.96
A,PC_HH,PL2,2011,61.05
A,PC_HH,PL2,2012,70.15
A,PC_HH,PL2,2013,70.18
A,PC_HH,PL2,2014,69.65
A,PC_HH,PL2,2015,68.25
A,PC_HH,PL2,2016,75.55
A,PC_HH,PL2,2017,77.12
A,PC_HH,PL2,2018,78.07
A,PC_HH,PL2,2019,82.9
A,PC_HH,PL2,2020,89.36
A,PC_HH,PL2,2021,91.83
A,PC_HH,PL3,2010,52.43
A,PC_HH,PL3,2011,56.67
A,PC_HH,PL3,2012,63.62
A,PC_HH,PL3,2013,66.94
A,PC_HH,PL3,2014,70.94
A,PC_HH,PL3,2015,74.04
A,PC_HH,PL3,2016,76.17
A,PC_HH,PL3,2017,76.61
A,PC_HH,PL4,2010,60.55
A,PC_HH,PL4,2011,66.68
A,PC_HH,PL4,2012,68.47
A,PC_HH,PL4,2013,70.58
A,PC_HH,PL4,2014,70.11
A,PC_HH,PL4,2015,69.82
A,PC_HH,PL4,2016,76.26
A,PC_HH,PL4,2017,77.57
A,PC_HH,PL4,2018,80.82
A,PC_HH,PL4,2019,82.11
A,PC_HH,PL4,2020,88.6
A,PC_HH,PL4,2021,92.45
A,PC_HH,PL5,2010,58.31
A,PC_HH,PL5,2011,64.11
A,PC_HH,PL5,2012,63.54
A,PC_HH,PL5,2013,64.14
A,PC_HH,PL5,2014,71.82
A,PC_HH,PL5,2015,73.44
A,PC_HH,PL5,2016,75.61
A,PC_HH,PL5,2017,78.43
A,PC_HH,PL5,2018,75.42
A,PC_HH,PL5,2019,85.34
A,PC_HH,PL5,2020,90.07
A,PC_HH,PL5,2021,92.41
A,PC_HH,PL6,2010,58.72
A,PC_HH,PL6,2011,60.68
A,PC_HH,PL6,2012,65.46
A,PC_HH,PL6,2013,70.42
A,PC_HH,PL6,2014,71.83
A,PC_HH,PL6,2015,70.13
A,PC_HH,PL6,2016,74.26
A,PC_HH,PL6,2017,79.43
A,PC_HH,PL6,2018,81.84
A,PC_HH,PL6,2019,83.67
A,PC_HH,PL6,2020,89.82
A,PC_HH,PL6,2021,91.51
A,PC_HH,PL7,2018,74.94
A,PC_HH,PL7,2019,81.84
A,PC_HH,PL7,2020,88.59
A,PC_HH,PL7,2021,88.04
A,PC_HH,PL8,2018,78.25
A,PC_HH,PL8,2019,82.47
A,PC_HH,PL8,2020,87.5
A,PC_HH,PL8,2021,90.36
A,PC_HH,PL9,2018,82.8
A,PC_HH,PL9,2019,84.91
A,PC_HH,PL9,2020,92.36
A,PC_HH,PL9,2021,94.41
A,PC_HH,PT,2010,50.32
A,PC_HH,PT,2011,56.61
A,PC_HH,PT,2012,59.75
A,PC_HH,PT,2013,61.62
A,PC_HH,PT,2014,63.37
A,PC_HH,PT,2015,68.54
A,PC_HH,PT,2016,72.95
A,PC_HH,PT,2017,76.36
A,PC_HH,PT,2018,76.93
A,PC_HH,PT,2019,77.95
A,PC_HH,PT,2020,81.67
A,PC_HH,PT,2021,84.1
A,PC_HH,PT1,2010,50.29
A,PC_HH,PT1,2011,56.6
A,PC_HH,PT1,2012,59.66
A,PC_HH,PT1,2013,61.47
A,PC_HH,PT1,2014,63.15
A,PC_HH,PT1,2015,68.28
A,PC_HH,PT1,2016,72.67
A,PC_HH,PT1,2017,76.09
A,PC_HH,PT1,2018,76.65
A,PC_HH,PT1,2019,77.7
A,PC_HH,PT1,2020,81.51
A,PC_HH,PT1,2021,83.93
A,PC_HH,PT11,2010,47.71
A,PC_HH,PT11,2011,53.27
A,PC_HH,PT11,2012,55.66
A,PC_HH,PT11,2013,58.19
A,PC_HH,PT11,2014,61.11
A,PC_HH,PT11,2015,64.32
A,PC_HH,PT11,2016,70.28
A,PC_HH,PT11,2017,73.62
A,PC_HH,PT11,2018,73.68
A,PC_HH,PT11,2019,74.38
A,PC_HH,PT11,2020,78.62
A,PC_HH,PT11,2021,81.43
A,PC_HH,PT15,2010,55.37
A,PC_HH,PT15,2011,57.14
A,PC_HH,PT15,2012,59.95
A,PC_HH,PT15,2013,61.18
A,PC_HH,PT15,2014,64.28
A,PC_HH,PT15,2015,68.23
A,PC_HH,PT15,2016,71.42
A,PC_HH,PT15,2017,72.76
A,PC_HH,PT15,2018,73.59
A,PC_HH,PT15,2019,76.96
A,PC_HH,PT15,2020,82.93
A,PC_HH,PT15,2021,84.51
A,PC_HH,PT16,2010,45.2
A,PC_HH,PT16,2011,50.67
A,PC_HH,PT16,2012,54.21
A,PC_HH,PT16,2013,55.4
A,PC_HH,PT16,2014,56.89
A,PC_HH,PT16,2015,64.4
A,PC_HH,PT16,2016,67.86
A,PC_HH,PT16,2017,72.1
A,PC_HH,PT16,2018,72.79
A,PC_HH,PT16,2019,74.07
A,PC_HH,PT16,2020,77.57
A,PC_HH,PT16,2021,80.93
A,PC_HH,PT17,2010,58.53
A,PC_HH,PT17,2011,67.18
A,PC_HH,PT17,2012,71.53
A,PC_HH,PT17,2013,72.32
A,PC_HH,PT17,2014,72.43
A,PC_HH,PT17,2015,78.09
A,PC_HH,PT17,2016,81.91
A,PC_HH,PT17,2017,84.96
A,PC_HH,PT17,2018,85.81
A,PC_HH,PT17,2019,86.0
A,PC_HH,PT17,2020,88.63
A,PC_HH,PT17,2021,90.14
A,PC_HH,PT18,2010,41.66
A,PC_HH,PT18,2011,48.03
A,PC_HH,PT18,2012,47.17
A,PC_HH,PT18,2013,51.26
A,PC_HH,PT18,2014,53.36
A,PC_HH,PT18,2015,59.72
A,PC_HH,PT18,2016,61.95
A,PC_HH,PT18,2017,65.78
A,PC_HH,PT18,2018,66.97
A,PC_HH,PT18,2019,71.56
A,PC_HH,PT18,2020,77.14
A,PC_HH,PT18,2021,79.01
A,PC_HH,PT2,2010,51.05
A,PC_HH,PT2,2011,59.24
A,PC_HH,PT2,2012,63.55
A,PC_HH,PT2,2013,66.12
A,PC_HH,PT2,2014,68.96
A,PC_HH,PT2,2015,74.78
A,PC_HH,PT2,2016,79.46
A,PC_HH,PT2,2017,83.86
A,PC_HH,PT2,2018,84.16
A,PC_HH,PT2,2019,83.35
A,PC_HH,PT2,2020,83.56
A,PC_HH,PT2,2021,88.23
A,PC_HH,PT20,2010,51.05
A,PC_HH,PT20,2011,59.24
A,PC_HH,PT20,2012,63.55
A,PC_HH,PT20,2013,66.12
A,PC_HH,PT20,2014,68.96
A,PC_HH,PT20,2015,74.78
A,PC_HH,PT20,2016,79.46
A,PC_HH,PT20,2017,83.86
A,PC_HH,PT20,2018,84.16
A,PC_HH,PT20,2019,83.35
A,PC_HH,PT20,2020,83.56
A,PC_HH,PT20,2021,88.23
A,PC_HH,PT3,2010,50.88
A,PC_HH,PT3,2011,54.43
A,PC_HH,PT3,2012,60.04
A,PC_HH,PT3,2013,63.78
A,PC_HH,PT3,2014,67.12
A,PC_HH,PT3,2015,73.42
A,PC_HH,PT3,2016,78.24
A,PC_HH,PT3,2017,80.9
A,PC_HH,PT3,2018,81.33
A,PC_HH,PT3,2019,83.27
A,PC_HH,PT3,2020,85.99
A,PC_HH,PT3,2021,87.14
A,PC_HH,PT30,2010,50.88
A,PC_HH,PT30,2011,54.43
A,PC_HH,PT30,2012,60.04
A,PC_HH,PT30,2013,63.78
A,PC_HH,PT30,2014,67.12
A,PC_HH,PT30,2015,73.42
A,PC_HH,PT30,2016,78.24
A,PC_HH,PT30,2017,80.9
A,PC_HH,PT30,2018,81.33
A,PC_HH,PT30,2019,83.27
A,PC_HH,PT30,2020,85.99
A,PC_HH,PT30,2021,87.14
A,PC_HH,RO,2010,22.83
A,PC_HH,RO,2011,30.72
A,PC_HH,RO,2012,50.42
A,PC_HH,RO,2013,56.37
A,PC_HH,RO,2014,57.71
A,PC_HH,RO,2015,65.3
A,PC_HH,RO,2016,70.11
A,PC_HH,RO,2017,74.37
A,PC_HH,RO,2018,78.85
A,PC_HH,RO,2019,81.83
A,PC_HH,RO,2020,83.58
A,PC_HH,RO,2021,88.2
A,PC_HH,RO1,2010,25.76
A,PC_HH,RO1,2011,29.8
A,PC_HH,RO1,2012,48.29
A,PC_HH,RO1,2013,56.61
A,PC_HH,RO1,2014,56.57
A,PC_HH,RO1,2015,67.77
A,PC_HH,RO1,2016,69.71
A,PC_HH,RO1,2017,74.27
A,PC_HH,RO1,2018,81.74
A,PC_HH,RO1,2019,82.81
A,PC_HH,RO1,2020,85.52
A,PC_HH,RO1,2021,89.59
A,PC_HH,RO11,2010,27.99
A,PC_HH,RO11,2011,31.41
A,PC_HH,RO11,2012,50.71
A,PC_HH,RO11,2013,60.85
A,PC_HH,RO11,2014,59.73
A,PC_HH,RO11,2015,70.15
A,PC_HH,RO11,2016,72.42
A,PC_HH,RO11,2017,79.93
A,PC_HH,RO11,2018,86.6
A,PC_HH,RO11,2019,85.26
A,PC_HH,RO11,2020,88.61
A,PC_HH,RO11,2021,89.6
A,PC_HH,RO12,2010,23.39
A,PC_HH,RO12,2011,28.11
A,PC_HH,RO12,2012,45.72
A,PC_HH,RO12,2013,52.15
A,PC_HH,RO12,2014,53.1
A,PC_HH,RO12,2015,65.18
A,PC_HH,RO12,2016,66.75
A,PC_HH,RO12,2017,68.0
A,PC_HH,RO12,2018,76.25
A,PC_HH,RO12,2019,80.11
A,PC_HH,RO12,2020,82.1
A,PC_HH,RO12,2021,89.58
A,PC_HH,RO2,2010,19.6
A,PC_HH,RO2,2011,20.19
A,PC_HH,RO2,2012,45.83
A,PC_HH,RO2,2013,50.77
A,PC_HH,RO2,2014,53.56
A,PC_HH,RO2,2015,57.09
A,PC_HH,RO2,2016,64.37
A,PC_HH,RO2,2017,69.33
A,PC_HH,RO2,2018,69.19
A,PC_HH,RO2,2019,76.85
A,PC_HH,RO2,2020,77.88
A,PC_HH,RO2,2021,85.76
A,PC_HH,RO21,2010,16.69
A,PC_HH,RO21,2011,16.53
A,PC_HH,RO21,2012,40.51
A,PC_HH,RO21,2013,46.87
A,PC_HH,RO21,2014,50.62
A,PC_HH,RO21,2015,57.11
A,PC_HH,RO21,2016,62.49
A,PC_HH,RO21,2017,67.88
A,PC_HH,RO21,2018,69.2
A,PC_HH,RO21,2019,77.1
A,PC_HH,RO21,2020,76.86
A,PC_HH,RO21,2021,86.89
A,PC_HH,RO22,2010,23.25
A,PC_HH,RO22,2011,24.87
A,PC_HH,RO22,2012,52.47
A,PC_HH,RO22,2013,55.8
A,PC_HH,RO22,2014,57.26
A,PC_HH,RO22,2015,57.06
A,PC_HH,RO22,2016,66.71
A,PC_HH,RO22,2017,71.17
A,PC_HH,RO22,2018,69.18
A,PC_HH,RO22,2019,76.51
A,PC_HH,RO22,2020,79.2
A,PC_HH,RO22,2021,84.29
A,PC_HH,RO3,2010,27.12
A,PC_HH,RO3,2011,43.28
A,PC_HH,RO3,2012,57.65
A,PC_HH,RO3,2013,62.16
A,PC_HH,RO3,2014,63.24
A,PC_HH,RO3,2015,69.88
A,PC_HH,RO3,2016,75.23
A,PC_HH,RO3,2017,78.2
A,PC_HH,RO3,2018,83.65
A,PC_HH,RO3,2019,84.17
A,PC_HH,RO3,2020,86.48
A,PC_HH,RO3,2021,89.53
A,PC_HH,RO31,2010,22.68
A,PC_HH,RO31,2011,35.09
A,PC_HH,RO31,2012,47.67
A,PC_HH,RO31,2013,50.27
A,PC_HH,RO31,2014,50.66
A,PC_HH,RO31,2015,61.07
A,PC_HH,RO31,2016,65.01
A,PC_HH,RO31,2017,70.23
A,PC_HH,RO31,2018,74.41
A,PC_HH,RO31,2019,78.56
A,PC_HH,RO31,2020,81.93
A,PC_HH,RO31,2021,85.76
A,PC_HH,RO32,2010,32.96
A,PC_HH,RO32,2011,53.82
A,PC_HH,RO32,2012,70.64
A,PC_HH,RO32,2013,77.56
A,PC_HH,RO32,2014,78.6
A,PC_HH,RO32,2015,80.43
A,PC_HH,RO32,2016,87.61
A,PC_HH,RO32,2017,87.82
A,PC_HH,RO32,2018,94.46
A,PC_HH,RO32,2019,90.71
A,PC_HH,RO32,2020,91.74
A,PC_HH,RO32,2021,93.78
A,PC_HH,RO4,2010,18.33
A,PC_HH,RO4,2011,30.97
A,PC_HH,RO4,2012,50.43
A,PC_HH,RO4,2013,56.74
A,PC_HH,RO4,2014,57.57
A,PC_HH,RO4,2015,67.88
A,PC_HH,RO4,2016,72.0
A,PC_HH,RO4,2017,76.53
A,PC_HH,RO4,2018,82.76
A,PC_HH,RO4,2019,84.63
A,PC_HH,RO4,2020,85.45
A,PC_HH,RO4,2021,88.14
A,PC_HH,RO41,2010,15.46
A,PC_HH,RO41,2011,31.47
A,PC_HH,RO41,2012,48.3
A,PC_HH,RO41,2013,52.79
A,PC_HH,RO41,2014,52.2
A,PC_HH,RO41,2015,61.78
A,PC_HH,RO41,2016,70.53
A,PC_HH,RO41,2017,68.59
A,PC_HH,RO41,2018,80.26
A,PC_HH,RO41,2019,82.62
A,PC_HH,RO41,2020,81.67
A,PC_HH,RO41,2021,85.9
A,PC_HH,RO42,2010,21.56
A,PC_HH,RO42,2011,30.42
A,PC_HH,RO42,2012,52.79
A,PC_HH,RO42,2013,61.09
A,PC_HH,RO42,2014,63.47
A,PC_HH,RO42,2015,74.61
A,PC_HH,RO42,2016,73.59
A,PC_HH,RO42,2017,84.76
A,PC_HH,RO42,2018,85.36
A,PC_HH,RO42,2019,86.72
A,PC_HH,RO42,2020,89.4
A,PC_HH,RO42,2021,90.48
A,PC_HH,RS,2015,59.76
A,PC_HH,RS,2017,65.18
A,PC_HH,RS,2018,72.54
A,PC_HH,RS,2019,79.01
A,PC_HH,RS,2020,80.76
A,PC_HH,RS,2021,81.42
A,PC_HH,RS1,2019,84.73
A,PC_HH,RS1,2020,83.69
A,PC_HH,RS1,2021,84.82
A,PC_HH,RS11,2019,88.88
A,PC_HH,RS11,2020,93.92
A,PC_HH,RS11,2021,92.88
A,PC_HH,RS12,2019,81.06
A,PC_HH,RS12,2020,74.71
A,PC_HH,RS12,2021,77.76
A,PC_HH,RS2,2019,72.4
A,PC_HH,RS2,2020,77.41
A,PC_HH,RS2,2021,77.63
A,PC_HH,RS21,2019,74.37
A,PC_HH,RS21,2020,77.51
A,PC_HH,RS21,2021,79.19
A,PC_HH,RS22,2019,69.88
A,PC_HH,RS22,2020,77.29
A,PC_HH,RS22,2021,75.67
A,PC_HH,SE,2010,82.56
A,PC_HH,SE,2011,85.52
A,PC_HH,SE,2012,87.0
A,PC_HH,SE,2014,86.53
A,PC_HH,SE,2015,82.95
A,PC_HH,SE,2016,88.63
A,PC_HH,SE,2017,93.07
A,PC_HH,SE,2018,91.36
A,PC_HH,SE,2019,94.84
A,PC_HH,SE,2020,91.0
A,PC_HH,SE,2021,90.96
A,PC_HH,SE1,2010,84.82
A,PC_HH,SE1,2011,88.7
A,PC_HH,SE1,2012,87.67
A,PC_HH,SE1,2014,88.17
A,PC_HH,SE1,2015,83.63
A,PC_HH,SE1,2016,89.74
A,PC_HH,SE1,2017,94.63
A,PC_HH,SE1,2018,92.12
A,PC_HH,SE1,2019,94.11
A,PC_HH,SE1,2020,93.62
A,PC_HH,SE1,2021,93.43
A,PC_HH,SE11,2010,86.93
A,PC_HH,SE11,2011,90.71
A,PC_HH,SE11,2012,89.41
A,PC_HH,SE11,2014,88.0
A,PC_HH,SE11,2015,84.89
A,PC_HH,SE11,2016,90.32
A,PC_HH,SE11,2017,96.49
A,PC_HH,SE11,2018,92.91
A,PC_HH,SE11,2019,93.49
A,PC_HH,SE11,2020,94.76
A,PC_HH,SE11,2021,93.47
A,PC_HH,SE12,2010,81.9
A,PC_HH,SE12,2011,86.03
A,PC_HH,SE12,2012,85.12
A,PC_HH,SE12,2014,88.37
A,PC_HH,SE12,2015,81.97
A,PC_HH,SE12,2016,89.07
A,PC_HH,SE12,2017,92.67
A,PC_HH,SE12,2018,91.12
A,PC_HH,SE12,2019,95.2
A,PC_HH,SE12,2020,92.13
A,PC_HH,SE12,2021,93.38
A,PC_HH,SE2,2010,82.3
A,PC_HH,SE2,2011,84.36
A,PC_HH,SE2,2012,87.43
A,PC_HH,SE2,2014,87.48
A,PC_HH,SE2,2015,82.28
A,PC_HH,SE2,2016,88.99
A,PC_HH,SE2,2017,91.44
A,PC_HH,SE2,2018,92.51
A,PC_HH,SE2,2019,95.58
A,PC_HH,SE2,2020,90.33
A,PC_HH,SE2,2021,89.96
A,PC_HH,SE21,2010,78.14
A,PC_HH,SE21,2011,83.51
A,PC_HH,SE21,2012,85.77
A,PC_HH,SE21,2014,85.36
A,PC_HH,SE21,2015,75.63
A,PC_HH,SE21,2016,83.03
A,PC_HH,SE21,2017,88.65
A,PC_HH,SE21,2018,90.93
A,PC_HH,SE21,2019,98.3
A,PC_HH,SE21,2020,91.03
A,PC_HH,SE21,2021,90.29
A,PC_HH,SE22,2010,83.76
A,PC_HH,SE22,2011,86.89
A,PC_HH,SE22,2012,87.93
A,PC_HH,SE22,2014,84.63
A,PC_HH,SE22,2015,80.05
A,PC_HH,SE22,2016,92.72
A,PC_HH,SE22,2017,90.05
A,PC_HH,SE22,2018,93.94
A,PC_HH,SE22,2019,93.79
A,PC_HH,SE22,2020,88.11
A,PC_HH,SE22,2021,91.31
A,PC_HH,SE23,2010,82.98
A,PC_HH,SE23,2011,83.01
A,PC_HH,SE23,2012,87.69
A,PC_HH,SE23,2014,90.31
A,PC_HH,SE23,2015,86.24
A,PC_HH,SE23,2016,88.61
A,PC_HH,SE23,2017,94.1
A,PC_HH,SE23,2018,92.23
A,PC_HH,SE23,2019,95.65
A,PC_HH,SE23,2020,91.42
A,PC_HH,SE23,2021,88.9
A,PC_HH,SE3,2010,78.52
A,PC_HH,SE3,2011,81.85
A,PC_HH,SE3,2012,84.54
A,PC_HH,SE3,2014,81.32
A,PC_HH,SE3,2015,83.05
A,PC_HH,SE3,2016,85.01
A,PC_HH,SE3,2017,93.81
A,PC_HH,SE3,2018,87.2
A,PC_HH,SE3,2019,94.89
A,PC_HH,SE3,2020,86.43
A,PC_HH,SE3,2021,87.78
A,PC_HH,SE31,2010,80.11
A,PC_HH,SE31,2011,79.66
A,PC_HH,SE31,2012,83.43
A,PC_HH,SE31,2014,77.76
A,PC_HH,SE31,2015,78.04
A,PC_HH,SE31,2016,86.82
A,PC_HH,SE31,2017,88.32
A,PC_HH,SE31,2018,88.94
A,PC_HH,SE31,2019,92.68
A,PC_HH,SE31,2020,84.07
A,PC_HH,SE31,2021,89.8
A,PC_HH,SE32,2010,74.91
A,PC_HH,SE32,2011,82.42
A,PC_HH,SE32,2012,84.29
A,PC_HH,SE32,2014,84.47
A,PC_HH,SE32,2015,85.02
A,PC_HH,SE32,2016,81.95
A,PC_HH,SE32,2017,100.0
A,PC_HH,SE32,2018,80.31
A,PC_HH,SE32,2019,97.49
A,PC_HH,SE32,2020,91.03
A,PC_HH,SE32,2021,90.34
A,PC_HH,SE33,2010,78.59
A,PC_HH,SE33,2011,85.75
A,PC_HH,SE33,2012,86.36
A,PC_HH,SE33,2014,85.33
A,PC_HH,SE33,2015,90.66
A,PC_HH,SE33,2016,84.85
A,PC_HH,SE33,2017,96.94
A,PC_HH,SE33,2018,89.53
A,PC_HH,SE33,2019,96.14
A,PC_HH,SE33,2020,87.32
A,PC_HH,SE33,2021,82.86
A,PC_HH,SI,2010,62.02
A,PC_HH,SI,2011,66.96
A,PC_HH,SI,2012,73.3
A,PC_HH,SI,2013,74.19
A,PC_HH,SI,2014,75.38
A,PC_HH,SI,2015,77.6
A,PC_HH,SI,2016,78.42
A,PC_HH,SI,2017,81.74
A,PC_HH,SI,2018,86.68
A,PC_HH,SI,2019,88.96
A,PC_HH,SI,2020,89.97
A,PC_HH,SI,2021,93.04
A,PC_HH,SI0,2010,62.02
A,PC_HH,SI0,2011,66.96
A,PC_HH,SI0,2012,73.3
A,PC_HH,SI0,2013,74.19
A,PC_HH,SI0,2014,75.38
A,PC_HH,SI0,2015,77.6
A,PC_HH,SI0,2016,78.42
A,PC_HH,SI0,2017,81.74
A,PC_HH,SI0,2018,86.68
A,PC_HH,SI0,2019,88.96
A,PC_HH,SI0,2020,89.97
A,PC_HH,SI0,2021,93.04
A,PC_HH,SI01,2014,73.27
A,PC_HH,SI02,2014,77.61
A,PC_HH,SI03,2015,73.19
A,PC_HH,SI03,2016,77.08
A,PC_HH,SI03,2017,79.67
A,PC_HH,SI03,2018,84.13
A,PC_HH,SI03,2019,86.65
A,PC_HH,SI03,2020,89.44
A,PC_HH,SI03,2021,91.08
A,PC_HH,SI04,2015,82.68
A,PC_HH,SI04,2016,80.06
A,PC_HH,SI04,2017,84.28
A,PC_HH,SI04,2018,89.88
A,PC_HH,SI04,2019,91.71
A,PC_HH,SI04,2020,90.61
A,PC_HH,SI04,2021,95.28
A,PC_HH,SK,2010,49.35
A,PC_HH,SK,2011,55.33
A,PC_HH,SK,2012,72.05
A,PC_HH,SK,2013,70.18
A,PC_HH,SK,2014,76.42
A,PC_HH,SK,2015,77.6
A,PC_HH,SK,2016,78.15
A,PC_HH,SK,2017,78.91
A,PC_HH,SK,2018,78.99
A,PC_HH,SK,2019,80.36
A,PC_HH,SK,2020,84.68
A,PC_HH,SK,2021,89.93
A,PC_HH,SK0,2010,49.35
A,PC_HH,SK0,2011,55.33
A,PC_HH,SK0,2012,72.05
A,PC_HH,SK0,2013,70.18
A,PC_HH,SK0,2014,76.42
A,PC_HH,SK0,2015,77.6
A,PC_HH,SK0,2016,78.15
A,PC_HH,SK0,2017,78.91
A,PC_HH,SK0,2018,78.99
A,PC_HH,SK0,2019,80.36
A,PC_HH,SK0,2020,84.68
A,PC_HH,SK0,2021,89.93
A,PC_HH,SK01,2010,57.04
A,PC_HH,SK01,2011,57.44
A,PC_HH,SK01,2012,79.9
A,PC_HH,SK01,2013,72.24
A,PC_HH,SK01,2014,77.69
A,PC_HH,SK01,2015,77.68
A,PC_HH,SK01,2016,84.25
A,PC_HH,SK01,2017,83.75
A,PC_HH,SK01,2018,87.01
A,PC_HH,SK01,2019,82.61
A,PC_HH,SK01,2020,89.94
A,PC_HH,SK01,2021,96.14
A,PC_HH,SK02,2010,47.94
A,PC_HH,SK02,2011,60.35
A,PC_HH,SK02,2012,70.96
A,PC_HH,SK02,2013,73.09
A,PC_HH,SK02,2014,75.88
A,PC_HH,SK02,2015,76.84
A,PC_HH,SK02,2016,77.29
A,PC_HH,SK02,2017,75.97
A,PC_HH,SK02,2018,79.9
A,PC_HH,SK02,2019,80.66
A,PC_HH,SK02,2020,84.1
A,PC_HH,SK02,2021,89.38
A,PC_HH,SK03,2010,42.69
A,PC_HH,SK03,2011,51.49
A,PC_HH,SK03,2012,67.27
A,PC_HH,SK03,2013,65.37
A,PC_HH,SK03,2014,74.28
A,PC_HH,SK03,2015,77.2
A,PC_HH,SK03,2016,73.56
A,PC_HH,SK03,2017,76.96
A,PC_HH,SK03,2018,75.18
A,PC_HH,SK03,2019,78.41
A,PC_HH,SK03,2020,83.32
A,PC_HH,SK03,2021,90.51
A,PC_HH,SK04,2010,53.83
A,PC_HH,SK04,2011,51.26
A,PC_HH,SK04,2012,74.42
A,PC_HH,SK04,2013,69.94
A,PC_HH,SK04,2014,78.43
A,PC_HH,SK04,2015,78.91
A,PC_HH,SK04,2016,80.48
A,PC_HH,SK04,2017,82.14
A,PC_HH,SK04,2018,77.37
A,PC_HH,SK04,2019,80.65
A,PC_HH,SK04,2020,84.11
A,PC_HH,SK04,2021,87.04
A,PC_HH,TR,2010,33.69
A,PC_HH,TR,2012,43.18
A,PC_HH,TR,2013,46.47
A,PC_HH,TR,2014,57.23
A,PC_HH,TR,2015,67.78
A,PC_HH,TR,2016,73.05
A,PC_HH,TR,2017,78.32
A,PC_HH,TR,2018,82.49
A,PC_HH,TR,2019,87.91
A,PC_HH,TR,2020,89.86
A,PC_HH,TR,2021,91.95
A,PC_HH,TR1,2012,58.67
A,PC_HH,TR1,2013,62.8
A,PC_HH,TR1,2014,74.01
A,PC_HH,TR1,2015,80.95
A,PC_HH,TR1,2016,87.12
A,PC_HH,TR1,2017,89.41
A,PC_HH,TR1,2018,89.97
A,PC_HH,TR1,2019,95.47
A,PC_HH,TR1,2020,95.67
A,PC_HH,TR1,2021,97.07
A,PC_HH,TR2,2012,41.48
A,PC_HH,TR2,2013,51.7
A,PC_HH,TR2,2014,58.2
A,PC_HH,TR2,2015,64.0
A,PC_HH,TR2,2016,68.59
A,PC_HH,TR2,2017,69.3
A,PC_HH,TR2,2018,74.49
A,PC_HH,TR2,2019,79.41
A,PC_HH,TR2,2020,83.42
A,PC_HH,TR2,2021,85.84
A,PC_HH,TR3,2012,43.27
A,PC_HH,TR3,2013,44.56
A,PC_HH,TR3,2014,56.85
A,PC_HH,TR3,2015,64.37
A,PC_HH,TR3,2016,69.42
A,PC_HH,TR3,2017,77.43
A,PC_HH,TR3,2018,80.47
A,PC_HH,TR3,2019,85.63
A,PC_HH,TR3,2020,89.98
A,PC_HH,TR3,2021,89.88
A,PC_HH,TR4,2012,53.1
A,PC_HH,TR4,2013,54.27
A,PC_HH,TR4,2014,61.4
A,PC_HH,TR4,2015,71.58
A,PC_HH,TR4,2016,71.24
A,PC_HH,TR4,2017,73.11
A,PC_HH,TR4,2018,79.0
A,PC_HH,TR4,2019,88.74
A,PC_HH,TR4,2020,90.32
A,PC_HH,TR4,2021,93.73
A,PC_HH,TR5,2012,55.03
A,PC_HH,TR5,2013,50.45
A,PC_HH,TR5,2014,55.4
A,PC_HH,TR5,2015,72.98
A,PC_HH,TR5,2016,75.82
A,PC_HH,TR5,2017,83.73
A,PC_HH,TR5,2018,83.33
A,PC_HH,TR5,2019,91.43
A,PC_HH,TR5,2020,92.61
A,PC_HH,TR5,2021,94.23
A,PC_HH,TR6,2012,34.17
A,PC_HH,TR6,2013,41.21
A,PC_HH,TR6,2014,53.16
A,PC_HH,TR6,2015,66.25
A,PC_HH,TR6,2016,73.13
A,PC_HH,TR6,2017,79.1
A,PC_HH,TR6,2018,86.05
A,PC_HH,TR6,2019,87.87
A,PC_HH,TR6,2020,90.27
A,PC_HH,TR6,2021,91.26
A,PC_HH,TR7,2012,34.71
A,PC_HH,TR7,2013,41.37
A,PC_HH,TR7,2014,51.77
A,PC_HH,TR7,2015,63.19
A,PC_HH,TR7,2016,66.95
A,PC_HH,TR7,2017,76.54
A,PC_HH,TR7,2018,81.96
A,PC_HH,TR7,2019,88.7
A,PC_HH,TR7,2020,87.49
A,PC_HH,TR7,2021,89.56
A,PC_HH,TR8,2012,35.48
A,PC_HH,TR8,2013,38.7
A,PC_HH,TR8,2014,43.02
A,PC_HH,TR8,2015,54.66
A,PC_HH,TR8,2016,68.12
A,PC_HH,TR8,2017,76.14
A,PC_HH,TR8,2018,77.73
A,PC_HH,TR8,2019,80.24
A,PC_HH,TR8,2020,81.16
A,PC_HH,TR8,2021,84.54
A,PC_HH,TR9,2012,31.35
A,PC_HH,TR9,2013,34.85
A,PC_HH,TR9,2014,56.19
A,PC_HH,TR9,2015,60.7
A,PC_HH,TR9,2016,67.44
A,PC_HH,TR9,2017,68.7
A,PC_HH,TR9,2018,80.51
A,PC_HH,TR9,2019,83.8
A,PC_HH,TR9,2020,86.34
A,PC_HH,TR9,2021,88.29
A,PC_HH,TRA,2012,28.77
A,PC_HH,TRA,2013,34.58
A,PC_HH,TRA,2014,41.43
A,PC_HH,TRA,2015,51.62
A,PC_HH,TRA,2016,67.35
A,PC_HH,TRA,2017,67.22
A,PC_HH,TRA,2018,75.54
A,PC_HH,TRA,2019,86.99
A,PC_HH,TRA,2020,86.88
A,PC_HH,TRA,2021,86.61
A,PC_HH,TRB,2012,27.68
A,PC_HH,TRB,2013,29.48
A,PC_HH,TRB,2014,42.16
A,PC_HH,TRB,2015,59.59
A,PC_HH,TRB,2016,64.06
A,PC_HH,TRB,2017,72.34
A,PC_HH,TRB,2018,78.34
A,PC_HH,TRB,2019,87.29
A,PC_HH,TRB,2020,87.83
A,PC_HH,TRB,2021,90.37
A,PC_HH,TRC,2012,20.66
A,PC_HH,TRC,2013,26.15
A,PC_HH,TRC,2014,44.92
A,PC_HH,TRC,2015,58.17
A,PC_HH,TRC,2016,62.49
A,PC_HH,TRC,2017,68.86
A,PC_HH,TRC,2018,78.48
A,PC_HH,TRC,2019,80.64
A,PC_HH,TRC,2020,86.15
A,PC_HH,TRC,2021,93.85
A,PC_HH,UK,2011,80.36
A,PC_HH,UK,2012,85.58
A,PC_HH,UK,2013,87.44
A,PC_HH,UK,2014,88.18
A,PC_HH,UK,2015,89.94
A,PC_HH,UK,2016,91.9
A,PC_HH,UK,2017,93.14
A,PC_HH,UK,2018,94.82
A,PC_HH,UK,2019,95.84
A,PC_HH,UKC,2011,75.17
A,PC_HH,UKC,2012,70.66
A,PC_HH,UKC,2013,76.87
A,PC_HH,UKC,2014,86.86
A,PC_HH,UKC,2015,84.91
A,PC_HH,UKC,2016,91.35
A,PC_HH,UKC,2017,84.36
A,PC_HH,UKC,2018,93.37
A,PC_HH,UKC,2019,91.39
A,PC_HH,UKD,2011,80.15
A,PC_HH,UKD,2012,83.84
A,PC_HH,UKD,2013,84.93
A,PC_HH,UKD,2014,87.16
A,PC_HH,UKD,2015,86.34
A,PC_HH,UKD,2016,92.48
A,PC_HH,UKD,2017,92.85
A,PC_HH,UKD,2018,92.7
A,PC_HH,UKD,2019,94.65
A,PC_HH,UKE,2011,76.32
A,PC_HH,UKE,2012,84.4
A,PC_HH,UKE,2013,84.21
A,PC_HH,UKE,2014,86.32
A,PC_HH,UKE,2015,89.26
A,PC_HH,UKE,2016,91.32
A,PC_HH,UKE,2017,91.39
A,PC_HH,UKE,2018,94.71
A,PC_HH,UKE,2019,94.69
A,PC_HH,UKF,2011,83.43
A,PC_HH,UKF,2012,86.8
A,PC_HH,UKF,2013,89.29
A,PC_HH,UKF,2014,89.32
A,PC_HH,UKF,2015,90.52
A,PC_HH,UKF,2016,89.34
A,PC_HH,UKF,2017,90.75
A,PC_HH,UKF,2018,95.33
A,PC_HH,UKF,2019,92.87
A,PC_HH,UKG,2011,75.19
A,PC_HH,UKG,2012,81.07
A,PC_HH,UKG,2013,81.57
A,PC_HH,UKG,2014,85.48
A,PC_HH,UKG,2015,86.84
A,PC_HH,UKG,2016,89.46
A,PC_HH,UKG,2017,94.46
A,PC_HH,UKG,2018,97.34
A,PC_HH,UKG,2019,97.79
A,PC_HH,UKH,2011,81.59
A,PC_HH,UKH,2012,88.52
A,PC_HH,UKH,2013,89.17
A,PC_HH,UKH,2014,88.28
A,PC_HH,UKH,2015,93.72
A,PC_HH,UKH,2016,92.36
A,PC_HH,UKH,2017,93.53
A,PC_HH,UKH,2018,94.73
A,PC_HH,UKH,2019,97.13
A,PC_HH,UKI,2011,83.69
A,PC_HH,UKI,2012,91.08
A,PC_HH,UKI,2013,93.54
A,PC_HH,UKI,2014,91.86
A,PC_HH,UKI,2015,91.08
A,PC_HH,UKI,2016,93.09
A,PC_HH,UKI,2017,95.71
A,PC_HH,UKI,2018,95.41
A,PC_HH,UKI,2019,97.78
A,PC_HH,UKJ,2011,84.12
A,PC_HH,UKJ,2012,88.84
A,PC_HH,UKJ,2013,90.43
A,PC_HH,UKJ,2014,90.93
A,PC_HH,UKJ,2015,93.79
A,PC_HH,UKJ,2016,94.62
A,PC_HH,UKJ,2017,96.27
A,PC_HH,UKJ,2018,96.34
A,PC_HH,UKJ,2019,98.58
A,PC_HH,UKK,2011,84.76
A,PC_HH,UKK,2012,91.6
A,PC_HH,UKK,2013,92.86
A,PC_HH,UKK,2014,90.59
A,PC_HH,UKK,2015,92.01
A,PC_HH,UKK,2016,92.79
A,PC_HH,UKK,2017,94.23
A,PC_HH,UKK,2018,93.92
A,PC_HH,UKK,2019,96.02
A,PC_HH,UKL,2011,76.56
A,PC_HH,UKL,2012,79.29
A,PC_HH,UKL,2013,82.66
A,PC_HH,UKL,2014,85.42
A,PC_HH,UKL,2015,86.91
A,PC_HH,UKL,2016,88.54
A,PC_HH,UKL,2017,89.51
A,PC_HH,UKL,2018,95.96
A,PC_HH,UKL,2019,92.85
A,PC_HH,UKM,2011,77.52
A,PC_HH,UKM,2012,81.87
A,PC_HH,UKM,2013,85.45
A,PC_HH,UKM,2014,84.08
A,PC_HH,UKM,2015,88.98
A,PC_HH,UKM,2016,92.43
A,PC_HH,UKM,2017,93.86
A,PC_HH,UKM,2018,92.26
A,PC_HH,UKM,2019,94.36
A,PC_HH,UKN,2013,86.87
A,PC_HH,UKN,2014,85.53
A,PC_HH,UKN,2015,87.84
A,PC_HH,UKN,2016,88.14
A,PC_HH,UKN,2017,87.25
A,PC_HH,UKN,2018,94.22
A,PC_HH,UKN,2019,93.96
A,PC_HH,XK,2017,88.77
A,PC_HH,XK,2018,93.2
A,PC_HH,XK,2019,93.19
A,PC_HH,XK,2020,96.36
