geo,time,value
AT,2010,2.3
AT,2011,2.3
AT,2012,2.2
AT,2013,2.2
AT,2014,2.2
AT,2015,2.2
AT,2016,2.2
AT,2017,2.2
AT,2018,2.2
AT,2019,2.2
AT,2020,2.2
AT,2021,2.2
AT,2022,2.2
AT,2023,2.2
AT,2024,2.2
AT,2025,2.1
BA,2021,2.7
BA,2022,2.6
BA,2023,2.5
BA,2024,2.5
BA,2025,2.5
BE,2010,2.4
BE,2011,2.4
BE,2012,2.4
BE,2013,2.4
BE,2014,2.4
BE,2015,2.4
BE,2016,2.4
BE,2017,2.3
BE,2018,2.3
BE,2019,2.4
BE,2020,2.3
BE,2021,2.3
BE,2022,2.2
BE,2023,2.3
BE,2024,2.2
BE,2025,2.2
BG,2010,2.5
BG,2011,2.4
BG,2012,2.4
BG,2013,2.5
BG,2014,2.5
BG,2015,2.3
BG,2016,2.4
BG,2017,2.3
BG,2018,2.4
BG,2019,2.4
BG,2020,2.4
BG,2021,2.2
BG,2022,2.2
BG,2023,2.2
BG,2024,2.2
BG,2025,2.2
CY,2010,2.8
CY,2011,2.7
CY,2012,2.8
CY,2013,2.8
CY,2014,2.7
CY,2015,2.7
CY,2016,2.6
CY,2017,2.6
CY,2018,2.6
CY,2019,2.5
CY,2020,2.5
CY,2021,2.5
CY,2022,2.5
CY,2023,2.5
CY,2024,2.5
CY,2025,2.5
CZ,2010,2.4
CZ,2011,2.4
CZ,2012,2.4
CZ,2013,2.3
CZ,2014,2.3
CZ,2015,2.3
CZ,2016,2.3
CZ,2017,2.3
CZ,2018,2.2
CZ,2019,2.2
CZ,2020,2.2
CZ,2021,2.2
CZ,2022,2.2
CZ,2023,2.3
CZ,2024,2.3
CZ,2025,2.3
DE,2010,2.0
DE,2011,2.0
DE,2012,2.0
DE,2013,2.0
DE,2014,2.0
DE,2015,2.0
DE,2016,2.0
DE,2017,2.0
DE,2018,2.0
DE,2019,2.0
DE,2020,2.0
DE,2021,2.0
DE,2022,2.0
DE,2023,2.0
DE,2024,2.0
DE,2025,2.0
DK,2010,2.1
DK,2011,2.1
DK,2012,2.1
DK,2013,2.1
DK,2014,2.1
DK,2015,2.1
DK,2016,2.1
DK,2017,2.1
DK,2018,2.1
DK,2019,2.1
DK,2020,2.0
DK,2021,1.9
DK,2022,1.9
DK,2023,1.9
DK,2024,1.9
DK,2025,1.9
EA21,2010,2.3
EA21,2011,2.3
EA21,2012,2.3
EA21,2013,2.3
EA21,2014,2.3
EA21,2015,2.3
EA21,2016,2.3
EA21,2017,2.2
EA21,2018,2.2
EA21,2019,2.2
EA21,2020,2.2
EA21,2021,2.2
EA21,2022,2.2
EA21,2023,2.2
EA21,2024,2.2
EA21,2025,2.2
EE,2010,2.3
EE,2011,2.3
EE,2012,2.3
EE,2013,2.3
EE,2014,2.2
EE,2015,2.2
EE,2016,2.2
EE,2017,2.2
EE,2018,2.1
EE,2019,2.0
EE,2020,2.1
EE,2021,1.9
EE,2022,1.9
EE,2023,1.9
EE,2024,1.8
EE,2025,1.8
EL,2010,2.5
EL,2011,2.5
EL,2012,2.4
EL,2013,2.4
EL,2014,2.4
EL,2015,2.4
EL,2016,2.4
EL,2017,2.4
EL,2018,2.3
EL,2019,2.3
EL,2020,2.3
EL,2021,2.6
EL,2022,2.6
EL,2023,2.6
EL,2024,2.6
EL,2025,2.6
ES,2010,2.6
ES,2011,2.6
ES,2012,2.6
ES,2013,2.5
ES,2014,2.5
ES,2015,2.5
ES,2016,2.5
ES,2017,2.5
ES,2018,2.5
ES,2019,2.5
ES,2020,2.5
ES,2021,2.5
ES,2022,2.5
ES,2023,2.5
ES,2024,2.5
ES,2025,2.5
EU27_2020,2010,2.4
EU27_2020,2011,2.4
EU27_2020,2012,2.3
EU27_2020,2013,2.3
EU27_2020,2014,2.3
EU27_2020,2015,2.3
EU27_2020,2016,2.3
EU27_2020,2017,2.3
EU27_2020,2018,2.3
EU27_2020,2019,2.3
EU27_2020,2020,2.3
EU27_2020,2021,2.2
EU27_2020,2022,2.2
EU27_2020,2023,2.2
EU27_2020,2024,2.2
EU27_2020,2025,2.2
FI,2010,2.1
FI,2011,2.1
FI,2012,2.1
FI,2013,2.1
FI,2014,2.1
FI,2015,2.1
FI,2016,2.1
FI,2017,2.1
FI,2018,2.1
FI,2019,2.0
FI,2020,2.0
FI,2021,2.0
FI,2022,1.9
FI,2023,1.9
FI,2024,1.9
FI,2025,1.9
FR,2010,2.3
FR,2011,2.3
FR,2012,2.3
FR,2013,2.3
FR,2014,2.3
FR,2015,2.3
FR,2016,2.2
FR,2017,2.2
FR,2018,2.2
FR,2019,2.2
FR,2020,2.2
FR,2021,2.1
FR,2022,2.1
FR,2023,2.1
FR,2024,2.1
FR,2025,2.1
HR,2010,3.0
HR,2011,3.0
HR,2012,2.9
HR,2013,2.9
HR,2014,2.8
HR,2015,2.8
HR,2016,2.8
HR,2017,2.8
HR,2018,2.8
HR,2019,2.7
HR,2020,2.8
HR,2021,2.8
HR,2022,2.7
HR,2023,2.7
HR,2024,2.6
HR,2025,2.6
HU,2010,2.4
HU,2011,2.4
HU,2012,2.4
HU,2013,2.4
HU,2014,2.3
HU,2015,2.3
HU,2016,2.3
HU,2017,2.3
HU,2018,2.4
HU,2019,2.4
HU,2020,2.3
HU,2021,2.3
HU,2022,2.3
HU,2023,2.3
HU,2024,2.3
HU,2025,2.3
IE,2010,2.7
IE,2011,2.7
IE,2012,2.7
IE,2013,2.7
IE,2014,2.7
IE,2015,2.7
IE,2016,2.7
IE,2017,2.7
IE,2018,2.6
IE,2019,2.6
IE,2020,2.6
IE,2021,2.6
IE,2022,2.5
IE,2023,2.6
IE,2024,2.4
IE,2025,2.3
IT,2010,2.4
IT,2011,2.4
IT,2012,2.4
IT,2013,2.4
IT,2014,2.3
IT,2015,2.3
IT,2016,2.3
IT,2017,2.3
IT,2018,2.3
IT,2019,2.3
IT,2020,2.3
IT,2021,2.3
IT,2022,2.2
IT,2023,2.2
IT,2024,2.2
IT,2025,2.2
LT,2010,2.3
LT,2011,2.3
LT,2012,2.3
LT,2013,2.3
LT,2014,2.2
LT,2015,2.2
LT,2016,2.1
LT,2017,2.1
LT,2018,2.1
LT,2019,2.1
LT,2020,2.1
LT,2021,2.0
LT,2022,1.9
LT,2023,1.8
LT,2024,1.7
LT,2025,1.6
LU,2010,2.4
LU,2011,2.4
LU,2012,2.4
LU,2013,2.4
LU,2014,2.4
LU,2015,2.4
LU,2016,2.4
LU,2017,2.4
LU,2018,2.3
LU,2019,2.3
LU,2020,2.3
LU,2021,2.3
LU,2022,2.3
LU,2023,2.3
LU,2024,2.3
LU,2025,2.3
LV,2010,2.6
LV,2011,2.5
LV,2012,2.4
LV,2013,2.4
LV,2014,2.4
LV,2015,2.3
LV,2016,2.3
LV,2017,2.3
LV,2018,2.2
LV,2019,2.2
LV,2020,2.2
LV,2021,2.1
LV,2022,2.2
LV,2023,2.1
LV,2024,2.1
LV,2025,2.1
ME,2011,3.2
ME,2012,3.1
ME,2013,3.1
ME,2014,3.2
ME,2015,3.2
ME,2016,3.2
ME,2017,3.2
ME,2018,3.2
ME,2019,3.2
ME,2020,3.1
MK,2010,3.8
MK,2011,3.8
MK,2012,3.7
MK,2013,3.7
MK,2014,3.7
MK,2015,3.7
MK,2016,3.7
MK,2017,3.7
MK,2018,3.7
MK,2019,3.7
MK,2020,3.7
MK,2021,3.1
MK,2022,3.1
MK,2023,3.1
MK,2024,3.1
MK,2025,3.0
MT,2010,2.9
MT,2011,2.9
MT,2012,2.7
MT,2013,2.6
MT,2014,2.6
MT,2015,2.6
MT,2016,2.6
MT,2017,2.6
MT,2018,2.5
MT,2019,2.5
MT,2020,2.5
MT,2021,2.4
MT,2022,2.3
MT,2023,2.5
MT,2024,2.4
MT,2025,2.4
NL,2010,2.2
NL,2011,2.2
NL,2012,2.2
NL,2013,2.2
NL,2014,2.2
NL,2015,2.2
NL,2016,2.2
NL,2017,2.2
NL,2018,2.2
NL,2019,2.2
NL,2020,2.2
NL,2021,2.1
NL,2022,2.0
NL,2023,2.0
NL,2024,2.0
NL,2025,2.0
NO,2021,2.1
NO,2022,2.0
NO,2023,2.0
NO,2024,2.0
NO,2025,2.0
PL,2010,2.8
PL,2011,2.8
PL,2012,2.8
PL,2013,2.7
PL,2014,2.7
PL,2015,2.7
PL,2016,2.6
PL,2017,2.6
PL,2018,2.6
PL,2019,2.5
PL,2020,2.6
PL,2021,2.5
PL,2022,2.5
PL,2023,2.4
PL,2024,2.3
PL,2025,2.3
PT,2010,2.7
PT,2011,2.6
PT,2012,2.6
PT,2013,2.6
PT,2014,2.6
PT,2015,2.5
PT,2016,2.5
PT,2017,2.5
PT,2018,2.5
PT,2019,2.5
PT,2020,2.5
PT,2021,2.6
PT,2022,2.6
PT,2023,2.4
PT,2024,2.4
PT,2025,2.4
RO,2010,2.7
RO,2011,2.7
RO,2012,2.7
RO,2013,2.7
RO,2014,2.7
RO,2015,2.7
RO,2016,2.6
RO,2017,2.6
RO,2018,2.6
RO,2019,2.6
RO,2020,2.6
RO,2021,2.6
RO,2022,2.5
RO,2023,2.5
RO,2024,2.5
RO,2025,2.5
RS,2010,2.8
RS,2011,2.8
RS,2012,2.8
RS,2013,2.8
RS,2014,2.9
RS,2015,2.9
RS,2016,2.9
RS,2017,2.9
RS,2018,2.9
RS,2019,2.9
RS,2020,2.9
RS,2021,2.6
RS,2022,2.6
RS,2023,2.6
RS,2024,2.6
RS,2025,2.6
SE,2010,2.0
SE,2011,1.9
SE,2012,1.9
SE,2013,1.9
SE,2014,2.0
SE,2015,1.8
SE,2016,1.9
SE,2017,1.9
SE,2018,1.8
SE,2019,1.8
SE,2020,1.7
SE,2021,2.2
SE,2022,2.2
SE,2023,2.2
SE,2024,2.1
SE,2025,2.1
SI,2010,2.5
SI,2011,2.5
SI,2012,2.4
SI,2013,2.4
SI,2014,2.4
SI,2015,2.3
SI,2016,2.3
SI,2017,2.3
SI,2018,2.3
SI,2019,2.3
SI,2020,2.3
SI,2021,2.5
SI,2022,2.4
SI,2023,2.4
SI,2024,2.4
SI,2025,2.4
SK,2010,2.9
SK,2011,2.9
SK,2012,2.8
SK,2013,2.8
SK,2014,2.8
SK,2015,2.8
SK,2016,2.8
SK,2017,2.8
SK,2018,2.7
SK,2019,2.7
SK,2020,2.7
SK,2021,2.9
SK,2022,2.9
SK,2023,3.1
SK,2024,3.1
SK,2025,3.1
TR,2010,3.7
TR,2011,3.6
TR,2012,3.6
TR,2013,3.5
TR,2014,3.6
TR,2015,3.5
TR,2016,3.5
TR,2017,3.4
TR,2018,3.4
TR,2019,3.3
TR,2020,3.3
TR,2021,3.3
TR,2022,3.2
TR,2023,3.2
TR,2024,3.1
TR,2025,3.1
UK,2010,2.3
UK,2011,2.2
UK,2012,2.3
UK,2013,2.3
UK,2014,2.3
UK,2015,2.3
UK,2016,2.3
UK,2017,2.3
UK,2018,2.3
UK,2019,2.3
