freq,unit,geo,year,bb_hh,cc,lvl,gdp_pps,country
A,PC_HH,AT11,2010,62.87,AT,2,84.0,AUT
A,PC_HH,AT11,2011,67.31,AT,2,85.0,AUT
A,PC_HH,AT11,2012,73.06,AT,2,89.0,AUT
A,PC_HH,AT11,2013,78.42,AT,2,89.0,AUT
A,PC_HH,AT11,2014,80.23,AT,2,89.0,AUT
A,PC_HH,AT11,2016,82.54,AT,2,90.0,AUT
A,PC_HH,AT11,2017,85.05,AT,2,88.0,AUT
A,PC_HH,AT11,2018,88.81,AT,2,87.0,AUT
A,PC_HH,AT11,2019,87.01,AT,2,86.0,AUT
A,PC_HH,AT11,2020,86.45,AT,2,85.0,AUT
A,PC_HH,AT11,2021,90.7,AT,2,85.0,AUT
A,PC_HH,AT12,2010,62.2,AT,2,103.0,AUT
A,PC_HH,AT12,2011,73.86,AT,2,104.0,AUT
A,PC_HH,AT12,2012,75.34,AT,2,108.0,AUT
A,PC_HH,AT12,2013,74.12,AT,2,107.0,AUT
A,PC_HH,AT12,2014,76.17,AT,2,107.0,AUT
A,PC_HH,AT12,2016,82.53,AT,2,106.0,AUT
A,PC_HH,AT12,2017,88.86,AT,2,104.0,AUT
A,PC_HH,AT12,2018,84.54,AT,2,104.0,AUT
A,PC_HH,AT12,2019,91.01,AT,2,105.0,AUT
A,PC_HH,AT12,2020,90.4,AT,2,101.0,AUT
A,PC_HH,AT12,2021,90.7,AT,2,100.0,AUT
A,PC_HH,AT13,2010,68.0,AT,2,163.0,AUT
A,PC_HH,AT13,2011,74.31,AT,2,161.0,AUT
A,PC_HH,AT13,2012,81.78,AT,2,163.0,AUT
A,PC_HH,AT13,2013,82.83,AT,2,161.0,AUT
A,PC_HH,AT13,2014,82.61,AT,2,157.0,AUT
A,PC_HH,AT13,2016,88.45,AT,2,153.0,AUT
A,PC_HH,AT13,2017,88.77,AT,2,146.0,AUT
A,PC_HH,AT13,2018,89.81,AT,2,147.0,AUT
A,PC_HH,AT13,2019,91.43,AT,2,144.0,AUT
A,PC_HH,AT13,2020,91.94,AT,2,144.0,AUT
A,PC_HH,AT13,2021,92.49,AT,2,143.0,AUT
A,PC_HH,AT21,2010,57.13,AT,2,108.0,AUT
A,PC_HH,AT21,2011,66.22,AT,2,109.0,AUT
A,PC_HH,AT21,2012,75.63,AT,2,112.0,AUT
A,PC_HH,AT21,2013,74.71,AT,2,111.0,AUT
A,PC_HH,AT21,2014,73.49,AT,2,112.0,AUT
A,PC_HH,AT21,2016,83.75,AT,2,108.0,AUT
A,PC_HH,AT21,2017,84.75,AT,2,107.0,AUT
A,PC_HH,AT21,2018,84.38,AT,2,109.0,AUT
A,PC_HH,AT21,2019,87.09,AT,2,108.0,AUT
A,PC_HH,AT21,2020,84.95,AT,2,108.0,AUT
A,PC_HH,AT21,2021,89.48,AT,2,107.0,AUT
A,PC_HH,AT22,2010,62.65,AT,2,112.0,AUT
A,PC_HH,AT22,2011,66.92,AT,2,114.0,AUT
A,PC_HH,AT22,2012,76.91,AT,2,119.0,AUT
A,PC_HH,AT22,2013,81.32,AT,2,117.0,AUT
A,PC_HH,AT22,2014,78.22,AT,2,117.0,AUT
A,PC_HH,AT22,2016,82.45,AT,2,116.0,AUT
A,PC_HH,AT22,2017,89.88,AT,2,116.0,AUT
A,PC_HH,AT22,2018,86.71,AT,2,115.0,AUT
A,PC_HH,AT22,2019,84.49,AT,2,114.0,AUT
A,PC_HH,AT22,2020,85.44,AT,2,113.0,AUT
A,PC_HH,AT22,2021,89.63,AT,2,111.0,AUT
A,PC_HH,AT31,2010,62.26,AT,2,126.0,AUT
A,PC_HH,AT31,2011,73.47,AT,2,130.0,AUT
A,PC_HH,AT31,2012,76.63,AT,2,134.0,AUT
A,PC_HH,AT31,2013,81.18,AT,2,135.0,AUT
A,PC_HH,AT31,2014,79.35,AT,2,133.0,AUT
A,PC_HH,AT31,2016,85.81,AT,2,131.0,AUT
A,PC_HH,AT31,2017,88.22,AT,2,129.0,AUT
A,PC_HH,AT31,2018,88.67,AT,2,130.0,AUT
A,PC_HH,AT31,2019,88.08,AT,2,129.0,AUT
A,PC_HH,AT31,2020,89.38,AT,2,128.0,AUT
A,PC_HH,AT31,2021,91.05,AT,2,126.0,AUT
A,PC_HH,AT32,2010,64.23,AT,2,146.0,AUT
A,PC_HH,AT32,2011,72.85,AT,2,148.0,AUT
A,PC_HH,AT32,2012,79.56,AT,2,154.0,AUT
A,PC_HH,AT32,2013,77.75,AT,2,151.0,AUT
A,PC_HH,AT32,2014,84.47,AT,2,149.0,AUT
A,PC_HH,AT32,2016,85.69,AT,2,150.0,AUT
A,PC_HH,AT32,2017,87.58,AT,2,146.0,AUT
A,PC_HH,AT32,2018,89.07,AT,2,146.0,AUT
A,PC_HH,AT32,2019,89.05,AT,2,145.0,AUT
A,PC_HH,AT32,2020,87.5,AT,2,144.0,AUT
A,PC_HH,AT32,2021,91.99,AT,2,140.0,AUT
A,PC_HH,AT33,2010,64.22,AT,2,128.0,AUT
A,PC_HH,AT33,2011,68.77,AT,2,129.0,AUT
A,PC_HH,AT33,2012,72.06,AT,2,135.0,AUT
A,PC_HH,AT33,2013,82.91,AT,2,136.0,AUT
A,PC_HH,AT33,2014,78.9,AT,2,133.0,AUT
A,PC_HH,AT33,2016,84.17,AT,2,133.0,AUT
A,PC_HH,AT33,2017,89.32,AT,2,130.0,AUT
A,PC_HH,AT33,2018,87.73,AT,2,131.0,AUT
A,PC_HH,AT33,2019,92.95,AT,2,130.0,AUT
A,PC_HH,AT33,2020,90.03,AT,2,126.0,AUT
A,PC_HH,AT33,2021,88.93,AT,2,118.0,AUT
A,PC_HH,AT34,2010,64.54,AT,2,130.0,AUT
A,PC_HH,AT34,2011,79.2,AT,2,132.0,AUT
A,PC_HH,AT34,2012,79.45,AT,2,135.0,AUT
A,PC_HH,AT34,2013,82.59,AT,2,139.0,AUT
A,PC_HH,AT34,2014,80.55,AT,2,139.0,AUT
A,PC_HH,AT34,2016,88.05,AT,2,138.0,AUT
A,PC_HH,AT34,2017,87.1,AT,2,136.0,AUT
A,PC_HH,AT34,2018,90.77,AT,2,141.0,AUT
A,PC_HH,AT34,2019,89.67,AT,2,131.0,AUT
A,PC_HH,AT34,2020,91.93,AT,2,131.0,AUT
A,PC_HH,AT34,2021,93.63,AT,2,137.0,AUT
A,PC_HH,BE10,2010,65.46,BE,2,223.0,BEL
A,PC_HH,BE10,2011,71.09,BE,2,214.0,BEL
A,PC_HH,BE10,2012,74.53,BE,2,218.0,BEL
A,PC_HH,BE10,2013,76.27,BE,2,214.0,BEL
A,PC_HH,BE10,2014,78.21,BE,2,214.0,BEL
A,PC_HH,BE10,2015,75.6,BE,2,212.0,BEL
A,PC_HH,BE10,2016,86.36,BE,2,206.0,BEL
A,PC_HH,BE10,2017,84.15,BE,2,203.0,BEL
A,PC_HH,BE10,2018,83.73,BE,2,199.0,BEL
A,PC_HH,BE10,2019,87.31,BE,2,200.0,BEL
A,PC_HH,BE10,2020,89.52,BE,2,199.0,BEL
A,PC_HH,BE10,2021,93.0,BE,2,194.0,BEL
A,PC_HH,BE21,2010,73.41,BE,2,139.0,BEL
A,PC_HH,BE21,2011,75.56,BE,2,138.0,BEL
A,PC_HH,BE21,2012,76.81,BE,2,141.0,BEL
A,PC_HH,BE21,2013,83.63,BE,2,141.0,BEL
A,PC_HH,BE21,2014,84.97,BE,2,141.0,BEL
A,PC_HH,BE21,2015,81.14,BE,2,140.0,BEL
A,PC_HH,BE21,2016,84.9,BE,2,139.0,BEL
A,PC_HH,BE21,2017,86.21,BE,2,136.0,BEL
A,PC_HH,BE21,2018,85.63,BE,2,136.0,BEL
A,PC_HH,BE21,2019,89.81,BE,2,136.0,BEL
A,PC_HH,BE21,2020,90.75,BE,2,139.0,BEL
A,PC_HH,BE21,2021,92.72,BE,2,137.0,BEL
A,PC_HH,BE22,2010,77.0,BE,2,95.0,BEL
A,PC_HH,BE22,2011,78.19,BE,2,96.0,BEL
A,PC_HH,BE22,2012,79.98,BE,2,96.0,BEL
A,PC_HH,BE22,2013,81.49,BE,2,97.0,BEL
A,PC_HH,BE22,2014,87.27,BE,2,97.0,BEL
A,PC_HH,BE22,2015,82.85,BE,2,95.0,BEL
A,PC_HH,BE22,2016,84.59,BE,2,94.0,BEL
A,PC_HH,BE22,2017,87.49,BE,2,94.0,BEL
A,PC_HH,BE22,2018,84.16,BE,2,94.0,BEL
A,PC_HH,BE22,2019,89.71,BE,2,93.0,BEL
A,PC_HH,BE22,2020,91.83,BE,2,95.0,BEL
A,PC_HH,BE22,2021,92.93,BE,2,94.0,BEL
A,PC_HH,BE23,2010,72.62,BE,2,109.0,BEL
A,PC_HH,BE23,2011,73.68,BE,2,108.0,BEL
A,PC_HH,BE23,2012,77.36,BE,2,109.0,BEL
A,PC_HH,BE23,2013,81.67,BE,2,110.0,BEL
A,PC_HH,BE23,2014,84.07,BE,2,110.0,BEL
A,PC_HH,BE23,2015,79.73,BE,2,110.0,BEL
A,PC_HH,BE23,2016,83.22,BE,2,109.0,BEL
A,PC_HH,BE23,2017,83.42,BE,2,108.0,BEL
A,PC_HH,BE23,2018,83.98,BE,2,107.0,BEL
A,PC_HH,BE23,2019,86.22,BE,2,107.0,BEL
A,PC_HH,BE23,2020,93.22,BE,2,108.0,BEL
A,PC_HH,BE23,2021,92.54,BE,2,110.0,BEL
A,PC_HH,BE24,2010,77.53,BE,2,128.0,BEL
A,PC_HH,BE24,2011,79.76,BE,2,127.0,BEL
A,PC_HH,BE24,2012,80.11,BE,2,131.0,BEL
A,PC_HH,BE24,2013,81.26,BE,2,131.0,BEL
A,PC_HH,BE24,2014,86.51,BE,2,130.0,BEL
A,PC_HH,BE24,2015,84.66,BE,2,129.0,BEL
A,PC_HH,BE24,2016,84.6,BE,2,129.0,BEL
A,PC_HH,BE24,2017,86.97,BE,2,126.0,BEL
A,PC_HH,BE24,2018,86.86,BE,2,126.0,BEL
A,PC_HH,BE24,2019,92.89,BE,2,126.0,BEL
A,PC_HH,BE24,2020,94.21,BE,2,125.0,BEL
A,PC_HH,BE24,2021,96.11,BE,2,128.0,BEL
A,PC_HH,BE25,2010,71.79,BE,2,114.0,BEL
A,PC_HH,BE25,2011,74.29,BE,2,113.0,BEL
A,PC_HH,BE25,2012,72.32,BE,2,115.0,BEL
A,PC_HH,BE25,2013,77.24,BE,2,116.0,BEL
A,PC_HH,BE25,2014,81.39,BE,2,117.0,BEL
A,PC_HH,BE25,2015,79.5,BE,2,115.0,BEL
A,PC_HH,BE25,2016,79.92,BE,2,115.0,BEL
A,PC_HH,BE25,2017,85.66,BE,2,113.0,BEL
A,PC_HH,BE25,2018,84.77,BE,2,112.0,BEL
A,PC_HH,BE25,2019,88.71,BE,2,113.0,BEL
A,PC_HH,BE25,2020,90.63,BE,2,115.0,BEL
A,PC_HH,BE25,2021,92.84,BE,2,114.0,BEL
A,PC_HH,BE31,2010,73.42,BE,2,141.0,BEL
A,PC_HH,BE31,2011,80.98,BE,2,129.0,BEL
A,PC_HH,BE31,2012,86.69,BE,2,133.0,BEL
A,PC_HH,BE31,2013,82.39,BE,2,136.0,BEL
A,PC_HH,BE31,2014,86.79,BE,2,138.0,BEL
A,PC_HH,BE31,2015,83.78,BE,2,133.0,BEL
A,PC_HH,BE31,2016,86.52,BE,2,136.0,BEL
A,PC_HH,BE31,2017,88.29,BE,2,136.0,BEL
A,PC_HH,BE31,2018,86.8,BE,2,146.0,BEL
A,PC_HH,BE31,2019,90.23,BE,2,156.0,BEL
A,PC_HH,BE31,2020,95.91,BE,2,160.0,BEL
A,PC_HH,BE31,2021,95.81,BE,2,141.0,BEL
A,PC_HH,BE32,2010,62.94,BE,2,77.0,BEL
A,PC_HH,BE32,2011,73.54,BE,2,77.0,BEL
A,PC_HH,BE32,2012,65.24,BE,2,77.0,BEL
A,PC_HH,BE32,2013,70.78,BE,2,76.0,BEL
A,PC_HH,BE32,2014,73.23,BE,2,76.0,BEL
A,PC_HH,BE32,2015,75.51,BE,2,75.0,BEL
A,PC_HH,BE32,2016,73.55,BE,2,74.0,BEL
A,PC_HH,BE32,2017,78.21,BE,2,73.0,BEL
A,PC_HH,BE32,2018,79.01,BE,2,73.0,BEL
A,PC_HH,BE32,2019,80.43,BE,2,72.0,BEL
A,PC_HH,BE32,2020,87.1,BE,2,73.0,BEL
A,PC_HH,BE32,2021,88.17,BE,2,72.0,BEL
A,PC_HH,BE33,2010,63.07,BE,2,89.0,BEL
A,PC_HH,BE33,2011,64.27,BE,2,89.0,BEL
A,PC_HH,BE33,2012,70.16,BE,2,90.0,BEL
A,PC_HH,BE33,2013,75.93,BE,2,90.0,BEL
A,PC_HH,BE33,2014,76.29,BE,2,90.0,BEL
A,PC_HH,BE33,2015,75.3,BE,2,87.0,BEL
A,PC_HH,BE33,2016,81.88,BE,2,86.0,BEL
A,PC_HH,BE33,2017,83.01,BE,2,85.0,BEL
A,PC_HH,BE33,2018,83.14,BE,2,85.0,BEL
A,PC_HH,BE33,2019,87.4,BE,2,85.0,BEL
A,PC_HH,BE33,2020,92.01,BE,2,85.0,BEL
A,PC_HH,BE33,2021,91.2,BE,2,85.0,BEL
A,PC_HH,BE34,2010,67.17,BE,2,77.0,BEL
A,PC_HH,BE34,2011,70.79,BE,2,75.0,BEL
A,PC_HH,BE34,2012,73.11,BE,2,76.0,BEL
A,PC_HH,BE34,2013,76.14,BE,2,76.0,BEL
A,PC_HH,BE34,2014,79.47,BE,2,75.0,BEL
A,PC_HH,BE34,2015,80.07,BE,2,74.0,BEL
A,PC_HH,BE34,2016,86.42,BE,2,73.0,BEL
A,PC_HH,BE34,2017,83.29,BE,2,72.0,BEL
A,PC_HH,BE34,2018,81.75,BE,2,72.0,BEL
A,PC_HH,BE34,2019,88.85,BE,2,71.0,BEL
A,PC_HH,BE34,2020,86.66,BE,2,72.0,BEL
A,PC_HH,BE34,2021,86.7,BE,2,73.0,BEL
A,PC_HH,BE35,2010,63.07,BE,2,84.0,BEL
A,PC_HH,BE35,2011,77.54,BE,2,82.0,BEL
A,PC_HH,BE35,2012,73.07,BE,2,84.0,BEL
A,PC_HH,BE35,2013,77.65,BE,2,84.0,BEL
A,PC_HH,BE35,2014,81.33,BE,2,83.0,BEL
A,PC_HH,BE35,2015,77.21,BE,2,81.0,BEL
A,PC_HH,BE35,2016,78.06,BE,2,80.0,BEL
A,PC_HH,BE35,2017,82.04,BE,2,78.0,BEL
A,PC_HH,BE35,2018,78.91,BE,2,78.0,BEL
A,PC_HH,BE35,2019,83.74,BE,2,77.0,BEL
A,PC_HH,BE35,2020,85.61,BE,2,79.0,BEL
A,PC_HH,BE35,2021,85.18,BE,2,79.0,BEL
A,PC_HH,BG31,2010,23.56,BG,2,27.0,BGR
A,PC_HH,BG31,2011,32.98,BG,2,29.0,BGR
A,PC_HH,BG31,2012,38.23,BG,2,29.0,BGR
A,PC_HH,BG31,2013,42.4,BG,2,29.0,BGR
A,PC_HH,BG31,2014,44.88,BG,2,30.0,BGR
A,PC_HH,BG31,2015,44.51,BG,2,30.0,BGR
A,PC_HH,BG31,2016,58.0,BG,2,30.0,BGR
A,PC_HH,BG31,2017,56.8,BG,2,32.0,BGR
A,PC_HH,BG31,2018,64.85,BG,2,34.0,BGR
A,PC_HH,BG31,2019,70.8,BG,2,33.0,BGR
A,PC_HH,BG31,2020,65.98,BG,2,37.0,BGR
A,PC_HH,BG31,2021,73.5,BG,2,39.0,BGR
A,PC_HH,BG32,2010,22.68,BG,2,29.0,BGR
A,PC_HH,BG32,2011,38.42,BG,2,31.0,BGR
A,PC_HH,BG32,2012,46.62,BG,2,32.0,BGR
A,PC_HH,BG32,2013,49.4,BG,2,33.0,BGR
A,PC_HH,BG32,2014,58.45,BG,2,35.0,BGR
A,PC_HH,BG32,2015,58.21,BG,2,34.0,BGR
A,PC_HH,BG32,2016,61.53,BG,2,35.0,BGR
A,PC_HH,BG32,2017,67.32,BG,2,36.0,BGR
A,PC_HH,BG32,2018,67.11,BG,2,37.0,BGR
A,PC_HH,BG32,2019,73.17,BG,2,37.0,BGR
A,PC_HH,BG32,2020,74.76,BG,2,39.0,BGR
A,PC_HH,BG32,2021,82.67,BG,2,41.0,BGR
A,PC_HH,BG33,2010,16.71,BG,2,36.0,BGR
A,PC_HH,BG33,2011,27.62,BG,2,37.0,BGR
A,PC_HH,BG33,2012,47.89,BG,2,39.0,BGR
A,PC_HH,BG33,2013,51.54,BG,2,39.0,BGR
A,PC_HH,BG33,2014,56.16,BG,2,41.0,BGR
A,PC_HH,BG33,2015,56.27,BG,2,41.0,BGR
A,PC_HH,BG33,2016,67.34,BG,2,42.0,BGR
A,PC_HH,BG33,2017,68.43,BG,2,42.0,BGR
A,PC_HH,BG33,2018,73.89,BG,2,44.0,BGR
A,PC_HH,BG33,2019,73.72,BG,2,44.0,BGR
A,PC_HH,BG33,2020,77.7,BG,2,45.0,BGR
A,PC_HH,BG33,2021,85.23,BG,2,47.0,BGR
A,PC_HH,BG34,2010,22.06,BG,2,37.0,BGR
A,PC_HH,BG34,2011,30.88,BG,2,37.0,BGR
A,PC_HH,BG34,2012,49.64,BG,2,39.0,BGR
A,PC_HH,BG34,2013,46.54,BG,2,39.0,BGR
A,PC_HH,BG34,2014,51.7,BG,2,42.0,BGR
A,PC_HH,BG34,2015,58.47,BG,2,41.0,BGR
A,PC_HH,BG34,2016,59.26,BG,2,45.0,BGR
A,PC_HH,BG34,2017,61.83,BG,2,45.0,BGR
A,PC_HH,BG34,2018,69.6,BG,2,44.0,BGR
A,PC_HH,BG34,2019,74.73,BG,2,42.0,BGR
A,PC_HH,BG34,2020,76.86,BG,2,40.0,BGR
A,PC_HH,BG34,2021,81.73,BG,2,46.0,BGR
A,PC_HH,BG41,2010,36.9,BG,2,76.0,BGR
A,PC_HH,BG41,2011,53.84,BG,2,75.0,BGR
A,PC_HH,BG41,2012,59.23,BG,2,76.0,BGR
A,PC_HH,BG41,2013,64.2,BG,2,75.0,BGR
A,PC_HH,BG41,2014,63.47,BG,2,76.0,BGR
A,PC_HH,BG41,2015,67.63,BG,2,79.0,BGR
A,PC_HH,BG41,2016,64.46,BG,2,81.0,BGR
A,PC_HH,BG41,2017,70.07,BG,2,82.0,BGR
A,PC_HH,BG41,2018,74.86,BG,2,84.0,BGR
A,PC_HH,BG41,2019,77.72,BG,2,90.0,BGR
A,PC_HH,BG41,2020,85.64,BG,2,94.0,BGR
A,PC_HH,BG41,2021,86.23,BG,2,97.0,BGR
A,PC_HH,BG42,2010,23.62,BG,2,31.0,BGR
A,PC_HH,BG42,2011,38.38,BG,2,32.0,BGR
A,PC_HH,BG42,2012,50.25,BG,2,33.0,BGR
A,PC_HH,BG42,2013,52.68,BG,2,33.0,BGR
A,PC_HH,BG42,2014,54.63,BG,2,33.0,BGR
A,PC_HH,BG42,2015,55.68,BG,2,34.0,BGR
A,PC_HH,BG42,2016,63.29,BG,2,35.0,BGR
A,PC_HH,BG42,2017,70.12,BG,2,36.0,BGR
A,PC_HH,BG42,2018,72.38,BG,2,38.0,BGR
A,PC_HH,BG42,2019,74.9,BG,2,39.0,BGR
A,PC_HH,BG42,2020,78.68,BG,2,42.0,BGR
A,PC_HH,BG42,2021,85.53,BG,2,39.0,BGR
A,PC_HH,CZ01,2010,61.64,CZ,2,190.0,CZE
A,PC_HH,CZ01,2011,69.62,CZ,2,184.0,CZE
A,PC_HH,CZ01,2012,78.95,CZ,2,183.0,CZE
A,PC_HH,CZ01,2013,78.81,CZ,2,188.0,CZE
A,PC_HH,CZ01,2014,87.83,CZ,2,192.0,CZE
A,PC_HH,CZ01,2015,87.78,CZ,2,195.0,CZE
A,PC_HH,CZ01,2016,90.56,CZ,2,197.0,CZE
A,PC_HH,CZ01,2017,89.31,CZ,2,200.0,CZE
A,PC_HH,CZ01,2018,93.17,CZ,2,206.0,CZE
A,PC_HH,CZ01,2019,93.23,CZ,2,209.0,CZE
A,PC_HH,CZ01,2020,94.74,CZ,2,211.0,CZE
A,PC_HH,CZ01,2021,94.16,CZ,2,206.0,CZE
A,PC_HH,CZ02,2010,55.46,CZ,2,77.0,CZE
A,PC_HH,CZ02,2011,65.28,CZ,2,78.0,CZE
A,PC_HH,CZ02,2012,67.14,CZ,2,78.0,CZE
A,PC_HH,CZ02,2013,76.12,CZ,2,77.0,CZE
A,PC_HH,CZ02,2014,77.11,CZ,2,81.0,CZE
A,PC_HH,CZ02,2015,81.74,CZ,2,81.0,CZE
A,PC_HH,CZ02,2016,83.88,CZ,2,83.0,CZE
A,PC_HH,CZ02,2017,86.68,CZ,2,86.0,CZE
A,PC_HH,CZ02,2018,86.66,CZ,2,85.0,CZE
A,PC_HH,CZ02,2019,87.86,CZ,2,89.0,CZE
A,PC_HH,CZ02,2020,87.79,CZ,2,87.0,CZE
A,PC_HH,CZ02,2021,89.31,CZ,2,83.0,CZE
A,PC_HH,CZ03,2010,50.99,CZ,2,73.0,CZE
A,PC_HH,CZ03,2011,61.23,CZ,2,73.0,CZE
A,PC_HH,CZ03,2012,69.49,CZ,2,72.0,CZE
A,PC_HH,CZ03,2013,67.95,CZ,2,74.0,CZE
A,PC_HH,CZ03,2014,74.97,CZ,2,76.0,CZE
A,PC_HH,CZ03,2015,78.27,CZ,2,76.0,CZE
A,PC_HH,CZ03,2016,81.97,CZ,2,76.0,CZE
A,PC_HH,CZ03,2017,82.34,CZ,2,79.0,CZE
A,PC_HH,CZ03,2018,85.93,CZ,2,79.0,CZE
A,PC_HH,CZ03,2019,86.42,CZ,2,80.0,CZE
A,PC_HH,CZ03,2020,87.68,CZ,2,81.0,CZE
A,PC_HH,CZ03,2021,92.22,CZ,2,77.0,CZE
A,PC_HH,CZ04,2010,52.84,CZ,2,63.0,CZE
A,PC_HH,CZ04,2011,58.05,CZ,2,62.0,CZE
A,PC_HH,CZ04,2012,63.4,CZ,2,62.0,CZE
A,PC_HH,CZ04,2013,62.36,CZ,2,62.0,CZE
A,PC_HH,CZ04,2014,67.92,CZ,2,62.0,CZE
A,PC_HH,CZ04,2015,64.78,CZ,2,64.0,CZE
A,PC_HH,CZ04,2016,75.06,CZ,2,62.0,CZE
A,PC_HH,CZ04,2017,78.19,CZ,2,64.0,CZE
A,PC_HH,CZ04,2018,81.66,CZ,2,63.0,CZE
A,PC_HH,CZ04,2019,79.3,CZ,2,65.0,CZE
A,PC_HH,CZ04,2020,82.28,CZ,2,65.0,CZE
A,PC_HH,CZ04,2021,86.03,CZ,2,61.0,CZE
A,PC_HH,CZ05,2010,47.21,CZ,2,68.0,CZE
A,PC_HH,CZ05,2011,66.55,CZ,2,68.0,CZE
A,PC_HH,CZ05,2012,67.37,CZ,2,67.0,CZE
A,PC_HH,CZ05,2013,67.27,CZ,2,69.0,CZE
A,PC_HH,CZ05,2014,70.48,CZ,2,71.0,CZE
A,PC_HH,CZ05,2015,78.22,CZ,2,72.0,CZE
A,PC_HH,CZ05,2016,78.53,CZ,2,73.0,CZE
A,PC_HH,CZ05,2017,79.75,CZ,2,76.0,CZE
A,PC_HH,CZ05,2018,81.73,CZ,2,76.0,CZE
A,PC_HH,CZ05,2019,86.36,CZ,2,78.0,CZE
A,PC_HH,CZ05,2020,86.88,CZ,2,80.0,CZE
A,PC_HH,CZ05,2021,87.32,CZ,2,74.0,CZE
A,PC_HH,CZ06,2010,58.63,CZ,2,76.0,CZE
A,PC_HH,CZ06,2011,65.52,CZ,2,76.0,CZE
A,PC_HH,CZ06,2012,72.78,CZ,2,77.0,CZE
A,PC_HH,CZ06,2013,70.79,CZ,2,80.0,CZE
A,PC_HH,CZ06,2014,77.88,CZ,2,80.0,CZE
A,PC_HH,CZ06,2015,72.69,CZ,2,81.0,CZE
A,PC_HH,CZ06,2016,77.69,CZ,2,80.0,CZE
A,PC_HH,CZ06,2017,83.36,CZ,2,82.0,CZE
A,PC_HH,CZ06,2018,86.83,CZ,2,84.0,CZE
A,PC_HH,CZ06,2019,87.93,CZ,2,86.0,CZE
A,PC_HH,CZ06,2020,90.08,CZ,2,89.0,CZE
A,PC_HH,CZ06,2021,88.11,CZ,2,86.0,CZE
A,PC_HH,CZ07,2010,54.29,CZ,2,65.0,CZE
A,PC_HH,CZ07,2011,57.31,CZ,2,66.0,CZE
A,PC_HH,CZ07,2012,65.28,CZ,2,66.0,CZE
A,PC_HH,CZ07,2013,66.07,CZ,2,67.0,CZE
A,PC_HH,CZ07,2014,75.76,CZ,2,70.0,CZE
A,PC_HH,CZ07,2015,71.79,CZ,2,71.0,CZE
A,PC_HH,CZ07,2016,74.41,CZ,2,72.0,CZE
A,PC_HH,CZ07,2017,81.28,CZ,2,74.0,CZE
A,PC_HH,CZ07,2018,82.59,CZ,2,74.0,CZE
A,PC_HH,CZ07,2019,84.02,CZ,2,76.0,CZE
A,PC_HH,CZ07,2020,88.11,CZ,2,77.0,CZE
A,PC_HH,CZ07,2021,87.94,CZ,2,73.0,CZE
A,PC_HH,CZ08,2010,46.53,CZ,2,68.0,CZE
A,PC_HH,CZ08,2011,61.12,CZ,2,70.0,CZE
A,PC_HH,CZ08,2012,67.26,CZ,2,70.0,CZE
A,PC_HH,CZ08,2013,64.42,CZ,2,69.0,CZE
A,PC_HH,CZ08,2014,73.97,CZ,2,72.0,CZE
A,PC_HH,CZ08,2015,72.07,CZ,2,72.0,CZE
A,PC_HH,CZ08,2016,79.33,CZ,2,73.0,CZE
A,PC_HH,CZ08,2017,80.89,CZ,2,74.0,CZE
A,PC_HH,CZ08,2018,86.58,CZ,2,75.0,CZE
A,PC_HH,CZ08,2019,89.54,CZ,2,74.0,CZE
A,PC_HH,CZ08,2020,85.67,CZ,2,73.0,CZE
A,PC_HH,CZ08,2021,88.8,CZ,2,71.0,CZE
A,PC_HH,DE1,2010,74.63,DE,1,139.0,DEU
A,PC_HH,DE1,2011,75.47,DE,1,144.0,DEU
A,PC_HH,DE1,2012,79.48,DE,1,144.0,DEU
A,PC_HH,DE1,2013,83.09,DE,1,145.0,DEU
A,PC_HH,DE1,2014,85.1,DE,1,146.0,DEU
A,PC_HH,DE1,2015,88.05,DE,1,145.0,DEU
A,PC_HH,DE1,2016,88.54,DE,1,144.0,DEU
A,PC_HH,DE1,2017,91.76,DE,1,144.0,DEU
A,PC_HH,DE1,2018,91.97,DE,1,144.0,DEU
A,PC_HH,DE1,2019,94.3,DE,1,139.0,DEU
A,PC_HH,DE1,2020,94.42,DE,1,139.0,DEU
A,PC_HH,DE1,2021,87.89,DE,1,137.0,DEU
A,PC_HH,DE2,2010,74.55,DE,1,139.0,DEU
A,PC_HH,DE2,2011,78.59,DE,1,144.0,DEU
A,PC_HH,DE2,2012,82.47,DE,1,146.0,DEU
A,PC_HH,DE2,2013,84.58,DE,1,147.0,DEU
A,PC_HH,DE2,2014,86.24,DE,1,149.0,DEU
A,PC_HH,DE2,2015,88.14,DE,1,148.0,DEU
A,PC_HH,DE2,2016,88.7,DE,1,149.0,DEU
A,PC_HH,DE2,2017,91.29,DE,1,149.0,DEU
A,PC_HH,DE2,2018,88.7,DE,1,147.0,DEU
A,PC_HH,DE2,2019,94.27,DE,1,144.0,DEU
A,PC_HH,DE2,2020,95.13,DE,1,146.0,DEU
A,PC_HH,DE2,2021,89.69,DE,1,142.0,DEU
A,PC_HH,DE3,2010,75.55,DE,1,120.0,DEU
A,PC_HH,DE3,2011,79.56,DE,1,122.0,DEU
A,PC_HH,DE3,2012,82.19,DE,1,121.0,DEU
A,PC_HH,DE3,2013,87.69,DE,1,122.0,DEU
A,PC_HH,DE3,2014,87.84,DE,1,124.0,DEU
A,PC_HH,DE3,2015,90.44,DE,1,125.0,DEU
A,PC_HH,DE3,2016,90.9,DE,1,126.0,DEU
A,PC_HH,DE3,2017,94.75,DE,1,127.0,DEU
A,PC_HH,DE3,2018,94.69,DE,1,129.0,DEU
A,PC_HH,DE3,2019,95.41,DE,1,128.0,DEU
A,PC_HH,DE3,2020,95.85,DE,1,132.0,DEU
A,PC_HH,DE3,2021,91.08,DE,1,131.0,DEU
A,PC_HH,DE4,2010,63.61,DE,1,87.0,DEU
A,PC_HH,DE4,2011,65.78,DE,1,88.0,DEU
A,PC_HH,DE4,2012,73.76,DE,1,90.0,DEU
A,PC_HH,DE4,2013,71.0,DE,1,90.0,DEU
A,PC_HH,DE4,2014,78.16,DE,1,93.0,DEU
A,PC_HH,DE4,2015,79.05,DE,1,90.0,DEU
A,PC_HH,DE4,2016,83.73,DE,1,90.0,DEU
A,PC_HH,DE4,2017,81.58,DE,1,90.0,DEU
A,PC_HH,DE4,2018,85.84,DE,1,89.0,DEU
A,PC_HH,DE4,2019,85.58,DE,1,88.0,DEU
A,PC_HH,DE4,2020,91.07,DE,1,90.0,DEU
A,PC_HH,DE4,2021,85.11,DE,1,88.0,DEU
A,PC_HH,DE5,2011,86.58,DE,1,156.0,DEU
A,PC_HH,DE5,2012,78.46,DE,1,161.0,DEU
A,PC_HH,DE5,2013,91.3,DE,1,159.0,DEU
A,PC_HH,DE5,2014,86.98,DE,1,160.0,DEU
A,PC_HH,DE5,2015,91.38,DE,1,154.0,DEU
A,PC_HH,DE5,2016,91.35,DE,1,152.0,DEU
A,PC_HH,DE5,2017,93.52,DE,1,149.0,DEU
A,PC_HH,DE5,2018,89.68,DE,1,146.0,DEU
A,PC_HH,DE5,2019,97.96,DE,1,139.0,DEU
A,PC_HH,DE5,2020,94.94,DE,1,140.0,DEU
A,PC_HH,DE5,2021,77.27,DE,1,140.0,DEU
A,PC_HH,DE6,2010,77.62,DE,1,214.0,DEU
A,PC_HH,DE6,2011,81.04,DE,1,211.0,DEU
A,PC_HH,DE6,2012,79.85,DE,1,212.0,DEU
A,PC_HH,DE6,2013,86.95,DE,1,217.0,DEU
A,PC_HH,DE6,2014,91.16,DE,1,216.0,DEU
A,PC_HH,DE6,2015,87.16,DE,1,214.0,DEU
A,PC_HH,DE6,2016,94.48,DE,1,211.0,DEU
A,PC_HH,DE6,2017,96.06,DE,1,212.0,DEU
A,PC_HH,DE6,2018,87.56,DE,1,209.0,DEU
A,PC_HH,DE6,2019,96.04,DE,1,207.0,DEU
A,PC_HH,DE6,2020,95.42,DE,1,205.0,DEU
A,PC_HH,DE6,2021,92.2,DE,1,209.0,DEU
A,PC_HH,DE7,2010,79.04,DE,1,146.0,DEU
A,PC_HH,DE7,2011,80.22,DE,1,149.0,DEU
A,PC_HH,DE7,2012,84.21,DE,1,147.0,DEU
A,PC_HH,DE7,2013,84.49,DE,1,148.0,DEU
A,PC_HH,DE7,2014,88.91,DE,1,150.0,DEU
A,PC_HH,DE7,2015,89.36,DE,1,147.0,DEU
A,PC_HH,DE7,2016,91.13,DE,1,148.0,DEU
A,PC_HH,DE7,2017,93.01,DE,1,146.0,DEU
A,PC_HH,DE7,2018,85.79,DE,1,144.0,DEU
A,PC_HH,DE7,2019,94.23,DE,1,141.0,DEU
A,PC_HH,DE7,2020,95.68,DE,1,141.0,DEU
A,PC_HH,DE7,2021,91.63,DE,1,139.0,DEU
A,PC_HH,DE8,2010,56.94,DE,1,82.0,DEU
A,PC_HH,DE8,2011,66.66,DE,1,84.0,DEU
A,PC_HH,DE8,2012,70.85,DE,1,84.0,DEU
A,PC_HH,DE8,2013,74.95,DE,1,85.0,DEU
A,PC_HH,DE8,2014,77.57,DE,1,88.0,DEU
A,PC_HH,DE8,2015,84.11,DE,1,85.0,DEU
A,PC_HH,DE8,2016,89.46,DE,1,85.0,DEU
A,PC_HH,DE8,2017,85.31,DE,1,89.0,DEU
A,PC_HH,DE8,2018,88.73,DE,1,87.0,DEU
A,PC_HH,DE8,2019,89.47,DE,1,88.0,DEU
A,PC_HH,DE8,2020,94.92,DE,1,90.0,DEU
A,PC_HH,DE8,2021,80.09,DE,1,88.0,DEU
A,PC_HH,DE9,2010,80.9,DE,1,111.0,DEU
A,PC_HH,DE9,2011,80.19,DE,1,114.0,DEU
A,PC_HH,DE9,2012,86.5,DE,1,116.0,DEU
A,PC_HH,DE9,2013,88.81,DE,1,115.0,DEU
A,PC_HH,DE9,2014,89.09,DE,1,117.0,DEU
A,PC_HH,DE9,2015,90.25,DE,1,113.0,DEU
A,PC_HH,DE9,2016,92.1,DE,1,117.0,DEU
A,PC_HH,DE9,2017,94.9,DE,1,116.0,DEU
A,PC_HH,DE9,2018,92.09,DE,1,116.0,DEU
A,PC_HH,DE9,2019,95.19,DE,1,114.0,DEU
A,PC_HH,DE9,2020,96.81,DE,1,115.0,DEU
A,PC_HH,DE9,2021,86.79,DE,1,111.0,DEU
A,PC_HH,DEA,2010,78.84,DE,1,120.0,DEU
A,PC_HH,DEA,2011,80.92,DE,1,122.0,DEU
A,PC_HH,DEA,2012,84.51,DE,1,122.0,DEU
A,PC_HH,DEA,2013,87.38,DE,1,122.0,DEU
A,PC_HH,DEA,2014,88.11,DE,1,125.0,DEU
A,PC_HH,DEA,2015,88.44,DE,1,122.0,DEU
A,PC_HH,DEA,2016,89.79,DE,1,121.0,DEU
A,PC_HH,DEA,2017,92.57,DE,1,121.0,DEU
A,PC_HH,DEA,2018,91.39,DE,1,121.0,DEU
A,PC_HH,DEA,2019,94.32,DE,1,117.0,DEU
A,PC_HH,DEA,2020,94.16,DE,1,119.0,DEU
A,PC_HH,DEA,2021,91.01,DE,1,115.0,DEU
A,PC_HH,DEB,2010,74.27,DE,1,108.0,DEU
A,PC_HH,DEB,2011,77.77,DE,1,110.0,DEU
A,PC_HH,DEB,2012,80.36,DE,1,112.0,DEU
A,PC_HH,DEB,2013,85.23,DE,1,112.0,DEU
A,PC_HH,DEB,2014,87.35,DE,1,114.0,DEU
A,PC_HH,DEB,2015,89.06,DE,1,112.0,DEU
A,PC_HH,DEB,2016,90.74,DE,1,112.0,DEU
A,PC_HH,DEB,2017,92.58,DE,1,110.0,DEU
A,PC_HH,DEB,2018,91.69,DE,1,109.0,DEU
A,PC_HH,DEB,2019,93.39,DE,1,106.0,DEU
A,PC_HH,DEB,2020,95.47,DE,1,108.0,DEU
A,PC_HH,DEB,2021,91.21,DE,1,112.0,DEU
A,PC_HH,DEC,2010,77.16,DE,1,115.0,DEU
A,PC_HH,DEC,2011,73.3,DE,1,119.0,DEU
A,PC_HH,DEC,2012,75.6,DE,1,118.0,DEU
A,PC_HH,DEC,2013,82.94,DE,1,115.0,DEU
A,PC_HH,DEC,2014,88.47,DE,1,118.0,DEU
A,PC_HH,DEC,2015,90.15,DE,1,115.0,DEU
A,PC_HH,DEC,2016,88.36,DE,1,113.0,DEU
A,PC_HH,DEC,2017,87.3,DE,1,112.0,DEU
A,PC_HH,DEC,2018,90.27,DE,1,110.0,DEU
A,PC_HH,DEC,2019,95.18,DE,1,105.0,DEU
A,PC_HH,DEC,2020,95.53,DE,1,105.0,DEU
A,PC_HH,DEC,2021,81.35,DE,1,100.0,DEU
A,PC_HH,DED,2010,65.64,DE,1,89.0,DEU
A,PC_HH,DED,2011,69.08,DE,1,91.0,DEU
A,PC_HH,DED,2012,74.91,DE,1,92.0,DEU
A,PC_HH,DED,2013,79.44,DE,1,93.0,DEU
A,PC_HH,DED,2014,82.69,DE,1,95.0,DEU
A,PC_HH,DED,2015,80.02,DE,1,95.0,DEU
A,PC_HH,DED,2016,88.26,DE,1,95.0,DEU
A,PC_HH,DED,2017,86.2,DE,1,95.0,DEU
A,PC_HH,DED,2018,86.59,DE,1,95.0,DEU
A,PC_HH,DED,2019,89.89,DE,1,94.0,DEU
A,PC_HH,DED,2020,92.82,DE,1,95.0,DEU
A,PC_HH,DED,2021,89.17,DE,1,92.0,DEU
A,PC_HH,DEE,2010,64.74,DE,1,84.0,DEU
A,PC_HH,DEE,2011,70.72,DE,1,85.0,DEU
A,PC_HH,DEE,2012,75.82,DE,1,88.0,DEU
A,PC_HH,DEE,2013,81.33,DE,1,88.0,DEU
A,PC_HH,DEE,2014,83.78,DE,1,88.0,DEU
A,PC_HH,DEE,2015,86.02,DE,1,86.0,DEU
A,PC_HH,DEE,2016,87.62,DE,1,86.0,DEU
A,PC_HH,DEE,2017,90.54,DE,1,86.0,DEU
A,PC_HH,DEE,2018,90.37,DE,1,86.0,DEU
A,PC_HH,DEE,2019,94.16,DE,1,86.0,DEU
A,PC_HH,DEE,2020,96.51,DE,1,88.0,DEU
A,PC_HH,DEE,2021,79.34,DE,1,86.0,DEU
A,PC_HH,DEF,2010,80.55,DE,1,99.0,DEU
A,PC_HH,DEF,2011,78.54,DE,1,100.0,DEU
A,PC_HH,DEF,2012,79.67,DE,1,102.0,DEU
A,PC_HH,DEF,2013,86.38,DE,1,101.0,DEU
A,PC_HH,DEF,2014,88.42,DE,1,102.0,DEU
A,PC_HH,DEF,2015,89.17,DE,1,100.0,DEU
A,PC_HH,DEF,2016,89.51,DE,1,99.0,DEU
A,PC_HH,DEF,2017,88.28,DE,1,101.0,DEU
A,PC_HH,DEF,2018,89.71,DE,1,100.0,DEU
A,PC_HH,DEF,2019,95.78,DE,1,99.0,DEU
A,PC_HH,DEF,2020,94.2,DE,1,102.0,DEU
A,PC_HH,DEF,2021,90.44,DE,1,99.0,DEU
A,PC_HH,DEG,2010,72.3,DE,1,83.0,DEU
A,PC_HH,DEG,2011,75.47,DE,1,86.0,DEU
A,PC_HH,DEG,2012,83.25,DE,1,87.0,DEU
A,PC_HH,DEG,2013,86.7,DE,1,89.0,DEU
A,PC_HH,DEG,2014,84.02,DE,1,92.0,DEU
A,PC_HH,DEG,2015,87.32,DE,1,90.0,DEU
A,PC_HH,DEG,2016,88.02,DE,1,90.0,DEU
A,PC_HH,DEG,2017,91.41,DE,1,90.0,DEU
A,PC_HH,DEG,2018,93.94,DE,1,89.0,DEU
A,PC_HH,DEG,2019,93.86,DE,1,87.0,DEU
A,PC_HH,DEG,2020,94.3,DE,1,89.0,DEU
A,PC_HH,DEG,2021,86.36,DE,1,86.0,DEU
A,PC_HH,DK01,2010,83.31,DK,2,164.0,DNK
A,PC_HH,DK01,2011,85.82,DK,2,158.0,DNK
A,PC_HH,DK01,2012,86.43,DK,2,158.0,DNK
A,PC_HH,DK01,2013,86.87,DK,2,162.0,DNK
A,PC_HH,DK01,2014,88.6,DK,2,164.0,DNK
A,PC_HH,DK01,2015,83.37,DK,2,165.0,DNK
A,PC_HH,DK01,2016,92.9,DK,2,163.0,DNK
A,PC_HH,DK01,2017,93.1,DK,2,166.0,DNK
A,PC_HH,DK01,2018,90.97,DK,2,165.0,DNK
A,PC_HH,DK01,2019,93.17,DK,2,160.0,DNK
A,PC_HH,DK01,2020,92.82,DK,2,169.0,DNK
A,PC_HH,DK01,2021,94.48,DK,2,179.0,DNK
A,PC_HH,DK02,2010,75.62,DK,2,89.0,DNK
A,PC_HH,DK02,2011,82.3,DK,2,87.0,DNK
A,PC_HH,DK02,2012,83.72,DK,2,86.0,DNK
A,PC_HH,DK02,2013,85.81,DK,2,88.0,DNK
A,PC_HH,DK02,2014,86.38,DK,2,87.0,DNK
A,PC_HH,DK02,2015,86.44,DK,2,90.0,DNK
A,PC_HH,DK02,2016,91.38,DK,2,87.0,DNK
A,PC_HH,DK02,2017,89.06,DK,2,89.0,DNK
A,PC_HH,DK02,2018,88.85,DK,2,88.0,DNK
A,PC_HH,DK02,2019,90.14,DK,2,87.0,DNK
A,PC_HH,DK02,2020,91.84,DK,2,92.0,DNK
A,PC_HH,DK02,2021,91.25,DK,2,90.0,DNK
A,PC_HH,DK03,2010,80.2,DK,2,116.0,DNK
A,PC_HH,DK03,2011,80.11,DK,2,116.0,DNK
A,PC_HH,DK03,2012,80.92,DK,2,114.0,DNK
A,PC_HH,DK03,2013,84.76,DK,2,117.0,DNK
A,PC_HH,DK03,2014,81.98,DK,2,115.0,DNK
A,PC_HH,DK03,2015,86.56,DK,2,114.0,DNK
A,PC_HH,DK03,2016,89.12,DK,2,113.0,DNK
A,PC_HH,DK03,2017,92.34,DK,2,114.0,DNK
A,PC_HH,DK03,2018,88.18,DK,2,112.0,DNK
A,PC_HH,DK03,2019,92.47,DK,2,111.0,DNK
A,PC_HH,DK03,2020,93.77,DK,2,117.0,DNK
A,PC_HH,DK03,2021,90.47,DK,2,115.0,DNK
A,PC_HH,DK04,2010,79.4,DK,2,116.0,DNK
A,PC_HH,DK04,2011,84.98,DK,2,116.0,DNK
A,PC_HH,DK04,2012,87.34,DK,2,114.0,DNK
A,PC_HH,DK04,2013,89.6,DK,2,115.0,DNK
A,PC_HH,DK04,2014,86.01,DK,2,114.0,DNK
A,PC_HH,DK04,2015,83.42,DK,2,111.0,DNK
A,PC_HH,DK04,2016,91.85,DK,2,116.0,DNK
A,PC_HH,DK04,2017,92.2,DK,2,116.0,DNK
A,PC_HH,DK04,2018,92.0,DK,2,115.0,DNK
A,PC_HH,DK04,2019,93.44,DK,2,114.0,DNK
A,PC_HH,DK04,2020,92.68,DK,2,123.0,DNK
A,PC_HH,DK04,2021,93.39,DK,2,121.0,DNK
A,PC_HH,DK05,2010,77.24,DK,2,110.0,DNK
A,PC_HH,DK05,2011,85.72,DK,2,108.0,DNK
A,PC_HH,DK05,2012,84.66,DK,2,108.0,DNK
A,PC_HH,DK05,2013,89.3,DK,2,108.0,DNK
A,PC_HH,DK05,2014,79.73,DK,2,106.0,DNK
A,PC_HH,DK05,2015,80.6,DK,2,106.0,DNK
A,PC_HH,DK05,2016,92.27,DK,2,106.0,DNK
A,PC_HH,DK05,2017,92.21,DK,2,108.0,DNK
A,PC_HH,DK05,2018,90.88,DK,2,106.0,DNK
A,PC_HH,DK05,2019,91.9,DK,2,104.0,DNK
A,PC_HH,DK05,2020,89.5,DK,2,110.0,DNK
A,PC_HH,DK05,2021,89.41,DK,2,106.0,DNK
A,PC_HH,EL3,2010,51.36,EL,1,113.0,GRC
A,PC_HH,EL3,2011,53.21,EL,1,100.0,GRC
A,PC_HH,EL3,2012,61.26,EL,1,94.0,GRC
A,PC_HH,EL3,2013,67.81,EL,1,95.0,GRC
A,PC_HH,EL3,2014,70.04,EL,1,95.0,GRC
A,PC_HH,EL3,2015,74.43,EL,1,93.0,GRC
A,PC_HH,EL3,2016,76.96,EL,1,91.0,GRC
A,PC_HH,EL3,2017,80.41,EL,1,91.0,GRC
A,PC_HH,EL3,2018,85.21,EL,1,90.0,GRC
A,PC_HH,EL3,2019,83.07,EL,1,90.0,GRC
A,PC_HH,EL3,2020,83.45,EL,1,86.0,GRC
A,PC_HH,EL3,2021,90.75,EL,1,89.0,GRC
A,PC_HH,EL4,2010,35.84,EL,1,76.0,GRC
A,PC_HH,EL4,2011,45.28,EL,1,66.0,GRC
A,PC_HH,EL4,2012,40.6,EL,1,62.0,GRC
A,PC_HH,EL4,2013,47.44,EL,1,65.0,GRC
A,PC_HH,EL4,2014,67.43,EL,1,66.0,GRC
A,PC_HH,EL4,2015,64.09,EL,1,63.0,GRC
A,PC_HH,EL4,2016,68.62,EL,1,60.0,GRC
A,PC_HH,EL4,2017,69.03,EL,1,59.0,GRC
A,PC_HH,EL4,2018,68.91,EL,1,58.0,GRC
A,PC_HH,EL4,2019,68.07,EL,1,57.0,GRC
A,PC_HH,EL4,2020,78.39,EL,1,49.0,GRC
A,PC_HH,EL4,2021,82.5,EL,1,52.0,GRC
A,PC_HH,EL5,2012,47.67,EL,1,55.0,GRC
A,PC_HH,EL5,2013,48.68,EL,1,55.0,GRC
A,PC_HH,EL5,2014,60.69,EL,1,55.0,GRC
A,PC_HH,EL5,2015,65.62,EL,1,53.0,GRC
A,PC_HH,EL5,2016,66.08,EL,1,52.0,GRC
A,PC_HH,EL5,2017,64.9,EL,1,51.0,GRC
A,PC_HH,EL5,2018,72.91,EL,1,51.0,GRC
A,PC_HH,EL5,2019,78.43,EL,1,50.0,GRC
A,PC_HH,EL5,2020,81.45,EL,1,47.0,GRC
A,PC_HH,EL5,2021,81.18,EL,1,48.0,GRC
A,PC_HH,EL6,2012,38.89,EL,1,56.0,GRC
A,PC_HH,EL6,2013,43.23,EL,1,57.0,GRC
A,PC_HH,EL6,2014,59.72,EL,1,56.0,GRC
A,PC_HH,EL6,2015,58.65,EL,1,56.0,GRC
A,PC_HH,EL6,2016,56.16,EL,1,54.0,GRC
A,PC_HH,EL6,2017,63.45,EL,1,54.0,GRC
A,PC_HH,EL6,2018,69.69,EL,1,53.0,GRC
A,PC_HH,EL6,2019,74.88,EL,1,53.0,GRC
A,PC_HH,EL6,2020,73.81,EL,1,51.0,GRC
A,PC_HH,EL6,2021,81.96,EL,1,52.0,GRC
A,PC_HH,ES11,2010,45.95,ES,2,85.0,ESP
A,PC_HH,ES11,2011,51.02,ES,2,81.0,ESP
A,PC_HH,ES11,2012,61.64,ES,2,80.0,ESP
A,PC_HH,ES11,2013,63.87,ES,2,80.0,ESP
A,PC_HH,ES11,2014,69.06,ES,2,80.0,ESP
A,PC_HH,ES11,2015,75.18,ES,2,81.0,ESP
A,PC_HH,ES11,2016,78.15,ES,2,82.0,ESP
A,PC_HH,ES11,2017,78.41,ES,2,82.0,ESP
A,PC_HH,ES11,2018,82.11,ES,2,81.0,ESP
A,PC_HH,ES11,2019,88.15,ES,2,81.0,ESP
A,PC_HH,ES11,2020,92.02,ES,2,76.0,ESP
A,PC_HH,ES11,2021,93.16,ES,2,78.0,ESP
A,PC_HH,ES12,2010,54.96,ES,2,87.0,ESP
A,PC_HH,ES12,2011,59.41,ES,2,84.0,ESP
A,PC_HH,ES12,2012,65.13,ES,2,81.0,ESP
A,PC_HH,ES12,2013,69.79,ES,2,79.0,ESP
A,PC_HH,ES12,2014,72.23,ES,2,79.0,ESP
A,PC_HH,ES12,2015,78.67,ES,2,80.0,ESP
A,PC_HH,ES12,2016,79.19,ES,2,79.0,ESP
A,PC_HH,ES12,2017,80.75,ES,2,80.0,ESP
A,PC_HH,ES12,2018,85.1,ES,2,79.0,ESP
A,PC_HH,ES12,2019,90.78,ES,2,79.0,ESP
A,PC_HH,ES12,2020,93.24,ES,2,73.0,ESP
A,PC_HH,ES12,2021,94.31,ES,2,76.0,ESP
A,PC_HH,ES13,2010,54.66,ES,2,91.0,ESP
A,PC_HH,ES13,2011,63.63,ES,2,86.0,ESP
A,PC_HH,ES13,2012,66.27,ES,2,85.0,ESP
A,PC_HH,ES13,2013,74.23,ES,2,83.0,ESP
A,PC_HH,ES13,2014,72.36,ES,2,84.0,ESP
A,PC_HH,ES13,2015,78.81,ES,2,83.0,ESP
A,PC_HH,ES13,2016,77.25,ES,2,84.0,ESP
A,PC_HH,ES13,2017,82.4,ES,2,84.0,ESP
A,PC_HH,ES13,2018,82.38,ES,2,83.0,ESP
A,PC_HH,ES13,2019,90.81,ES,2,83.0,ESP
A,PC_HH,ES13,2020,93.87,ES,2,77.0,ESP
A,PC_HH,ES13,2021,95.01,ES,2,79.0,ESP
A,PC_HH,ES21,2010,62.54,ES,2,123.0,ESP
A,PC_HH,ES21,2011,64.14,ES,2,118.0,ESP
A,PC_HH,ES21,2012,70.39,ES,2,117.0,ESP
A,PC_HH,ES21,2013,72.59,ES,2,115.0,ESP
A,PC_HH,ES21,2014,76.59,ES,2,116.0,ESP
A,PC_HH,ES21,2015,82.78,ES,2,117.0,ESP
A,PC_HH,ES21,2016,82.21,ES,2,117.0,ESP
A,PC_HH,ES21,2017,86.31,ES,2,117.0,ESP
A,PC_HH,ES21,2018,89.0,ES,2,115.0,ESP
A,PC_HH,ES21,2019,91.43,ES,2,114.0,ESP
A,PC_HH,ES21,2020,95.46,ES,2,104.0,ESP
A,PC_HH,ES21,2021,95.53,ES,2,107.0,ESP
A,PC_HH,ES22,2010,58.2,ES,2,118.0,ESP
A,PC_HH,ES22,2011,62.12,ES,2,114.0,ESP
A,PC_HH,ES22,2012,67.72,ES,2,111.0,ESP
A,PC_HH,ES22,2013,70.55,ES,2,111.0,ESP
A,PC_HH,ES22,2014,75.98,ES,2,112.0,ESP
A,PC_HH,ES22,2015,79.61,ES,2,112.0,ESP
A,PC_HH,ES22,2016,81.59,ES,2,112.0,ESP
A,PC_HH,ES22,2017,87.69,ES,2,112.0,ESP
A,PC_HH,ES22,2018,86.63,ES,2,109.0,ESP
A,PC_HH,ES22,2019,94.48,ES,2,109.0,ESP
A,PC_HH,ES22,2020,96.49,ES,2,100.0,ESP
A,PC_HH,ES22,2021,96.19,ES,2,103.0,ESP
A,PC_HH,ES23,2010,52.96,ES,2,104.0,ESP
A,PC_HH,ES23,2011,55.56,ES,2,100.0,ESP
A,PC_HH,ES23,2012,63.06,ES,2,98.0,ESP
A,PC_HH,ES23,2013,63.37,ES,2,97.0,ESP
A,PC_HH,ES23,2014,68.52,ES,2,99.0,ESP
A,PC_HH,ES23,2015,74.33,ES,2,100.0,ESP
A,PC_HH,ES23,2016,79.1,ES,2,98.0,ESP
A,PC_HH,ES23,2017,80.06,ES,2,98.0,ESP
A,PC_HH,ES23,2018,82.24,ES,2,96.0,ESP
A,PC_HH,ES23,2019,90.0,ES,2,95.0,ESP
A,PC_HH,ES23,2020,93.63,ES,2,89.0,ESP
A,PC_HH,ES23,2021,94.95,ES,2,89.0,ESP
A,PC_HH,ES24,2010,56.9,ES,2,105.0,ESP
A,PC_HH,ES24,2011,60.85,ES,2,101.0,ESP
A,PC_HH,ES24,2012,65.91,ES,2,98.0,ESP
A,PC_HH,ES24,2013,67.0,ES,2,99.0,ESP
A,PC_HH,ES24,2014,69.75,ES,2,99.0,ESP
A,PC_HH,ES24,2015,75.34,ES,2,98.0,ESP
A,PC_HH,ES24,2016,80.22,ES,2,100.0,ESP
A,PC_HH,ES24,2017,83.85,ES,2,100.0,ESP
A,PC_HH,ES24,2018,88.43,ES,2,99.0,ESP
A,PC_HH,ES24,2019,91.62,ES,2,99.0,ESP
A,PC_HH,ES24,2020,96.0,ES,2,93.0,ESP
A,PC_HH,ES24,2021,96.3,ES,2,95.0,ESP
A,PC_HH,ES30,2010,65.09,ES,2,129.0,ESP
A,PC_HH,ES30,2011,70.52,ES,2,126.0,ESP
A,PC_HH,ES30,2012,76.55,ES,2,125.0,ESP
A,PC_HH,ES30,2013,78.42,ES,2,123.0,ESP
A,PC_HH,ES30,2014,82.9,ES,2,124.0,ESP
A,PC_HH,ES30,2015,85.65,ES,2,126.0,ESP
A,PC_HH,ES30,2016,87.54,ES,2,127.0,ESP
A,PC_HH,ES30,2017,88.54,ES,2,127.0,ESP
A,PC_HH,ES30,2018,91.42,ES,2,125.0,ESP
A,PC_HH,ES30,2019,94.45,ES,2,124.0,ESP
A,PC_HH,ES30,2020,97.07,ES,2,113.0,ESP
A,PC_HH,ES30,2021,97.54,ES,2,116.0,ESP
A,PC_HH,ES41,2010,45.99,ES,2,89.0,ESP
A,PC_HH,ES41,2011,53.32,ES,2,86.0,ESP
A,PC_HH,ES41,2012,61.71,ES,2,85.0,ESP
A,PC_HH,ES41,2013,65.9,ES,2,83.0,ESP
A,PC_HH,ES41,2014,67.59,ES,2,83.0,ESP
A,PC_HH,ES41,2015,73.47,ES,2,84.0,ESP
A,PC_HH,ES41,2016,76.54,ES,2,85.0,ESP
A,PC_HH,ES41,2017,78.23,ES,2,85.0,ESP
A,PC_HH,ES41,2018,82.15,ES,2,85.0,ESP
A,PC_HH,ES41,2019,88.59,ES,2,84.0,ESP
A,PC_HH,ES41,2020,93.89,ES,2,79.0,ESP
A,PC_HH,ES41,2021,95.6,ES,2,82.0,ESP
A,PC_HH,ES42,2010,50.36,ES,2,78.0,ESP
A,PC_HH,ES42,2011,56.18,ES,2,75.0,ESP
A,PC_HH,ES42,2012,59.39,ES,2,73.0,ESP
A,PC_HH,ES42,2013,62.86,ES,2,72.0,ESP
A,PC_HH,ES42,2014,65.62,ES,2,70.0,ESP
A,PC_HH,ES42,2015,73.64,ES,2,72.0,ESP
A,PC_HH,ES42,2016,77.95,ES,2,73.0,ESP
A,PC_HH,ES42,2017,80.11,ES,2,74.0,ESP
A,PC_HH,ES42,2018,80.82,ES,2,73.0,ESP
A,PC_HH,ES42,2019,86.7,ES,2,72.0,ESP
A,PC_HH,ES42,2020,93.23,ES,2,68.0,ESP
A,PC_HH,ES42,2021,94.43,ES,2,70.0,ESP
A,PC_HH,ES43,2010,44.46,ES,2,70.0,ESP
A,PC_HH,ES43,2011,50.82,ES,2,67.0,ESP
A,PC_HH,ES43,2012,56.43,ES,2,65.0,ESP
A,PC_HH,ES43,2013,60.46,ES,2,65.0,ESP
A,PC_HH,ES43,2014,62.2,ES,2,65.0,ESP
A,PC_HH,ES43,2015,70.35,ES,2,66.0,ESP
A,PC_HH,ES43,2016,78.35,ES,2,67.0,ESP
A,PC_HH,ES43,2017,78.38,ES,2,69.0,ESP
A,PC_HH,ES43,2018,78.45,ES,2,68.0,ESP
A,PC_HH,ES43,2019,89.16,ES,2,67.0,ESP
A,PC_HH,ES43,2020,94.2,ES,2,63.0,ESP
A,PC_HH,ES43,2021,94.55,ES,2,66.0,ESP
A,PC_HH,ES51,2010,65.72,ES,2,112.0,ESP
A,PC_HH,ES51,2011,68.26,ES,2,107.0,ESP
A,PC_HH,ES51,2012,69.34,ES,2,106.0,ESP
A,PC_HH,ES51,2013,70.83,ES,2,106.0,ESP
A,PC_HH,ES51,2014,76.37,ES,2,107.0,ESP
A,PC_HH,ES51,2015,79.54,ES,2,108.0,ESP
A,PC_HH,ES51,2016,82.26,ES,2,109.0,ESP
A,PC_HH,ES51,2017,82.92,ES,2,109.0,ESP
A,PC_HH,ES51,2018,87.18,ES,2,107.0,ESP
A,PC_HH,ES51,2019,93.93,ES,2,106.0,ESP
A,PC_HH,ES51,2020,96.58,ES,2,96.0,ESP
A,PC_HH,ES51,2021,96.87,ES,2,99.0,ESP
A,PC_HH,ES52,2010,50.77,ES,2,85.0,ESP
A,PC_HH,ES52,2011,57.85,ES,2,81.0,ESP
A,PC_HH,ES52,2012,58.82,ES,2,78.0,ESP
A,PC_HH,ES52,2013,66.45,ES,2,78.0,ESP
A,PC_HH,ES52,2014,69.81,ES,2,79.0,ESP
A,PC_HH,ES52,2015,74.33,ES,2,80.0,ESP
A,PC_HH,ES52,2016,79.94,ES,2,80.0,ESP
A,PC_HH,ES52,2017,81.25,ES,2,81.0,ESP
A,PC_HH,ES52,2018,86.73,ES,2,80.0,ESP
A,PC_HH,ES52,2019,90.51,ES,2,79.0,ESP
A,PC_HH,ES52,2020,95.71,ES,2,72.0,ESP
A,PC_HH,ES52,2021,96.82,ES,2,75.0,ESP
A,PC_HH,ES53,2010,63.39,ES,2,102.0,ESP
A,PC_HH,ES53,2011,66.22,ES,2,98.0,ESP
A,PC_HH,ES53,2012,70.44,ES,2,97.0,ESP
A,PC_HH,ES53,2013,67.85,ES,2,97.0,ESP
A,PC_HH,ES53,2014,77.46,ES,2,99.0,ESP
A,PC_HH,ES53,2015,78.17,ES,2,100.0,ESP
A,PC_HH,ES53,2016,81.17,ES,2,102.0,ESP
A,PC_HH,ES53,2017,87.75,ES,2,103.0,ESP
A,PC_HH,ES53,2018,90.58,ES,2,101.0,ESP
A,PC_HH,ES53,2019,92.96,ES,2,100.0,ESP
A,PC_HH,ES53,2020,95.61,ES,2,78.0,ESP
A,PC_HH,ES53,2021,97.27,ES,2,84.0,ESP
A,PC_HH,ES61,2010,51.54,ES,2,73.0,ESP
A,PC_HH,ES61,2011,54.99,ES,2,70.0,ESP
A,PC_HH,ES61,2012,61.34,ES,2,68.0,ESP
A,PC_HH,ES61,2013,65.79,ES,2,67.0,ESP
A,PC_HH,ES61,2014,69.86,ES,2,67.0,ESP
A,PC_HH,ES61,2015,75.19,ES,2,68.0,ESP
A,PC_HH,ES61,2016,79.85,ES,2,68.0,ESP
A,PC_HH,ES61,2017,80.99,ES,2,69.0,ESP
A,PC_HH,ES61,2018,83.52,ES,2,68.0,ESP
A,PC_HH,ES61,2019,89.19,ES,2,67.0,ESP
A,PC_HH,ES61,2020,94.65,ES,2,61.0,ESP
A,PC_HH,ES61,2021,94.47,ES,2,64.0,ESP
A,PC_HH,ES62,2010,50.49,ES,2,81.0,ESP
A,PC_HH,ES62,2011,57.88,ES,2,76.0,ESP
A,PC_HH,ES62,2012,62.21,ES,2,75.0,ESP
A,PC_HH,ES62,2013,66.13,ES,2,75.0,ESP
A,PC_HH,ES62,2014,72.02,ES,2,75.0,ESP
A,PC_HH,ES62,2015,77.7,ES,2,77.0,ESP
A,PC_HH,ES62,2016,81.0,ES,2,77.0,ESP
A,PC_HH,ES62,2017,84.74,ES,2,78.0,ESP
A,PC_HH,ES62,2018,87.36,ES,2,75.0,ESP
A,PC_HH,ES62,2019,91.03,ES,2,75.0,ESP
A,PC_HH,ES62,2020,94.38,ES,2,69.0,ESP
A,PC_HH,ES62,2021,96.93,ES,2,72.0,ESP
A,PC_HH,ES63,2010,62.12,ES,2,77.0,ESP
A,PC_HH,ES63,2011,65.21,ES,2,73.0,ESP
A,PC_HH,ES63,2012,71.25,ES,2,70.0,ESP
A,PC_HH,ES63,2013,81.44,ES,2,70.0,ESP
A,PC_HH,ES63,2014,81.35,ES,2,69.0,ESP
A,PC_HH,ES63,2015,80.2,ES,2,69.0,ESP
A,PC_HH,ES63,2016,82.61,ES,2,69.0,ESP
A,PC_HH,ES63,2017,88.42,ES,2,67.0,ESP
A,PC_HH,ES63,2018,91.69,ES,2,66.0,ESP
A,PC_HH,ES63,2019,91.68,ES,2,66.0,ESP
A,PC_HH,ES63,2020,96.01,ES,2,63.0,ESP
A,PC_HH,ES63,2021,92.51,ES,2,64.0,ESP
A,PC_HH,ES64,2010,67.08,ES,2,73.0,ESP
A,PC_HH,ES64,2011,59.8,ES,2,69.0,ESP
A,PC_HH,ES64,2012,64.46,ES,2,66.0,ESP
A,PC_HH,ES64,2013,64.62,ES,2,65.0,ESP
A,PC_HH,ES64,2014,81.85,ES,2,65.0,ESP
A,PC_HH,ES64,2015,78.46,ES,2,64.0,ESP
A,PC_HH,ES64,2016,84.96,ES,2,64.0,ESP
A,PC_HH,ES64,2017,78.88,ES,2,63.0,ESP
A,PC_HH,ES64,2018,88.86,ES,2,61.0,ESP
A,PC_HH,ES64,2019,91.24,ES,2,61.0,ESP
A,PC_HH,ES64,2020,98.86,ES,2,58.0,ESP
A,PC_HH,ES64,2021,98.62,ES,2,58.0,ESP
A,PC_HH,ES70,2010,54.84,ES,2,80.0,ESP
A,PC_HH,ES70,2011,58.98,ES,2,77.0,ESP
A,PC_HH,ES70,2012,63.04,ES,2,75.0,ESP
A,PC_HH,ES70,2013,66.74,ES,2,74.0,ESP
A,PC_HH,ES70,2014,71.04,ES,2,74.0,ESP
A,PC_HH,ES70,2015,77.35,ES,2,73.0,ESP
A,PC_HH,ES70,2016,80.67,ES,2,74.0,ESP
A,PC_HH,ES70,2017,80.06,ES,2,75.0,ESP
A,PC_HH,ES70,2018,86.79,ES,2,73.0,ESP
A,PC_HH,ES70,2019,90.39,ES,2,72.0,ESP
A,PC_HH,ES70,2020,95.75,ES,2,60.0,ESP
A,PC_HH,ES70,2021,96.7,ES,2,62.0,ESP
A,PC_HH,FI19,2010,71.94,FI,2,105.0,FIN
A,PC_HH,FI19,2011,79.82,FI,2,107.0,FIN
A,PC_HH,FI19,2012,84.45,FI,2,106.0,FIN
A,PC_HH,FI19,2013,85.18,FI,2,102.0,FIN
A,PC_HH,FI19,2014,88.12,FI,2,99.0,FIN
A,PC_HH,FI19,2015,87.42,FI,2,97.0,FIN
A,PC_HH,FI19,2016,87.8,FI,2,96.0,FIN
A,PC_HH,FI19,2017,92.46,FI,2,96.0,FIN
A,PC_HH,FI19,2018,93.22,FI,2,96.0,FIN
A,PC_HH,FI19,2019,91.74,FI,2,94.0,FIN
A,PC_HH,FI19,2020,95.76,FI,2,99.0,FIN
A,PC_HH,FI19,2021,95.64,FI,2,97.0,FIN
A,PC_HH,FI1B,2012,89.95,FI,2,152.0,FIN
A,PC_HH,FI1B,2013,92.33,FI,2,151.0,FIN
A,PC_HH,FI1B,2014,92.84,FI,2,146.0,FIN
A,PC_HH,FI1B,2015,95.04,FI,2,145.0,FIN
A,PC_HH,FI1B,2016,94.51,FI,2,144.0,FIN
A,PC_HH,FI1B,2017,97.62,FI,2,144.0,FIN
A,PC_HH,FI1B,2018,95.87,FI,2,143.0,FIN
A,PC_HH,FI1B,2019,94.72,FI,2,141.0,FIN
A,PC_HH,FI1B,2020,96.64,FI,2,145.0,FIN
A,PC_HH,FI1B,2021,97.84,FI,2,140.0,FIN
A,PC_HH,FI1C,2012,83.49,FI,2,103.0,FIN
A,PC_HH,FI1C,2013,88.12,FI,2,99.0,FIN
A,PC_HH,FI1C,2014,88.3,FI,2,98.0,FIN
A,PC_HH,FI1C,2015,86.46,FI,2,96.0,FIN
A,PC_HH,FI1C,2016,92.88,FI,2,96.0,FIN
A,PC_HH,FI1C,2017,90.83,FI,2,98.0,FIN
A,PC_HH,FI1C,2018,90.65,FI,2,97.0,FIN
A,PC_HH,FI1C,2019,94.19,FI,2,95.0,FIN
A,PC_HH,FI1C,2020,95.3,FI,2,99.0,FIN
A,PC_HH,FI1C,2021,94.51,FI,2,97.0,FIN
A,PC_HH,FI1D,2010,75.0,FI,2,94.0,FIN
A,PC_HH,FI1D,2011,79.12,FI,2,95.0,FIN
A,PC_HH,FI1D,2012,80.97,FI,2,94.0,FIN
A,PC_HH,FI1D,2013,85.64,FI,2,93.0,FIN
A,PC_HH,FI1D,2014,85.61,FI,2,91.0,FIN
A,PC_HH,FI1D,2015,88.0,FI,2,88.0,FIN
A,PC_HH,FI1D,2016,89.16,FI,2,89.0,FIN
A,PC_HH,FI1D,2017,91.6,FI,2,90.0,FIN
A,PC_HH,FI1D,2018,91.39,FI,2,90.0,FIN
A,PC_HH,FI1D,2019,91.34,FI,2,88.0,FIN
A,PC_HH,FI1D,2020,91.08,FI,2,93.0,FIN
A,PC_HH,FI1D,2021,93.22,FI,2,91.0,FIN
A,PC_HH,FR10,2014,84.22,FR,2,176.0,FRA
A,PC_HH,FR10,2015,82.21,FR,2,173.0,FRA
A,PC_HH,FR10,2016,85.15,FR,2,172.0,FRA
A,PC_HH,FR10,2017,86.56,FR,2,168.0,FRA
A,PC_HH,FR10,2018,86.97,FR,2,168.0,FRA
A,PC_HH,FR10,2019,89.34,FR,2,174.0,FRA
A,PC_HH,FR10,2021,94.19,FR,2,162.0,FRA
A,PC_HH,FRB0,2014,75.07,FR,2,90.0,FRA
A,PC_HH,FRB0,2015,75.69,FR,2,89.0,FRA
A,PC_HH,FRB0,2016,79.44,FR,2,87.0,FRA
A,PC_HH,FRB0,2017,77.09,FR,2,86.0,FRA
A,PC_HH,FRB0,2018,82.87,FR,2,85.0,FRA
A,PC_HH,FRB0,2019,80.32,FR,2,86.0,FRA
A,PC_HH,FRB0,2021,87.38,FR,2,83.0,FRA
A,PC_HH,FRC1,2014,69.42,FR,2,92.0,FRA
A,PC_HH,FRC1,2015,66.42,FR,2,89.0,FRA
A,PC_HH,FRC1,2016,76.95,FR,2,87.0,FRA
A,PC_HH,FRC1,2017,81.47,FR,2,87.0,FRA
A,PC_HH,FRC1,2018,75.47,FR,2,87.0,FRA
A,PC_HH,FRC1,2019,78.31,FR,2,87.0,FRA
A,PC_HH,FRC1,2021,80.83,FR,2,85.0,FRA
A,PC_HH,FRC2,2014,80.78,FR,2,84.0,FRA
A,PC_HH,FRC2,2015,71.44,FR,2,83.0,FRA
A,PC_HH,FRC2,2016,74.06,FR,2,82.0,FRA
A,PC_HH,FRC2,2017,72.27,FR,2,81.0,FRA
A,PC_HH,FRC2,2018,75.77,FR,2,79.0,FRA
A,PC_HH,FRC2,2019,78.99,FR,2,81.0,FRA
A,PC_HH,FRC2,2021,87.44,FR,2,77.0,FRA
A,PC_HH,FRD1,2014,65.41,FR,2,89.0,FRA
A,PC_HH,FRD1,2015,75.24,FR,2,87.0,FRA
A,PC_HH,FRD1,2016,79.64,FR,2,86.0,FRA
A,PC_HH,FRD1,2017,72.95,FR,2,82.0,FRA
A,PC_HH,FRD1,2018,79.45,FR,2,82.0,FRA
A,PC_HH,FRD1,2019,76.6,FR,2,84.0,FRA
A,PC_HH,FRD1,2021,84.91,FR,2,80.0,FRA
A,PC_HH,FRD2,2014,80.02,FR,2,95.0,FRA
A,PC_HH,FRD2,2015,72.58,FR,2,94.0,FRA
A,PC_HH,FRD2,2016,81.28,FR,2,90.0,FRA
A,PC_HH,FRD2,2017,75.02,FR,2,88.0,FRA
A,PC_HH,FRD2,2018,80.31,FR,2,86.0,FRA
A,PC_HH,FRD2,2019,79.45,FR,2,88.0,FRA
A,PC_HH,FRD2,2021,84.82,FR,2,84.0,FRA
A,PC_HH,FRE1,2014,78.68,FR,2,85.0,FRA
A,PC_HH,FRE1,2015,70.4,FR,2,84.0,FRA
A,PC_HH,FRE1,2016,75.85,FR,2,83.0,FRA
A,PC_HH,FRE1,2017,74.48,FR,2,82.0,FRA
A,PC_HH,FRE1,2018,79.71,FR,2,81.0,FRA
A,PC_HH,FRE1,2019,83.1,FR,2,82.0,FRA
A,PC_HH,FRE1,2021,88.4,FR,2,79.0,FRA
A,PC_HH,FRE2,2014,76.71,FR,2,80.0,FRA
A,PC_HH,FRE2,2015,75.73,FR,2,80.0,FRA
A,PC_HH,FRE2,2016,73.04,FR,2,77.0,FRA
A,PC_HH,FRE2,2017,76.51,FR,2,77.0,FRA
A,PC_HH,FRE2,2018,82.91,FR,2,75.0,FRA
A,PC_HH,FRE2,2019,79.55,FR,2,76.0,FRA
A,PC_HH,FRE2,2021,84.45,FR,2,73.0,FRA
A,PC_HH,FRF1,2014,75.98,FR,2,101.0,FRA
A,PC_HH,FRF1,2015,77.47,FR,2,98.0,FRA
A,PC_HH,FRF1,2016,79.58,FR,2,98.0,FRA
A,PC_HH,FRF1,2017,80.58,FR,2,96.0,FRA
A,PC_HH,FRF1,2018,81.75,FR,2,96.0,FRA
A,PC_HH,FRF1,2019,80.31,FR,2,97.0,FRA
A,PC_HH,FRF1,2021,89.51,FR,2,92.0,FRA
A,PC_HH,FRF2,2014,75.78,FR,2,93.0,FRA
A,PC_HH,FRF2,2015,73.93,FR,2,91.0,FRA
A,PC_HH,FRF2,2016,75.37,FR,2,88.0,FRA
A,PC_HH,FRF2,2017,76.03,FR,2,87.0,FRA
A,PC_HH,FRF2,2018,77.54,FR,2,87.0,FRA
A,PC_HH,FRF2,2019,77.49,FR,2,88.0,FRA
A,PC_HH,FRF2,2021,85.46,FR,2,84.0,FRA
A,PC_HH,FRF3,2014,73.97,FR,2,81.0,FRA
A,PC_HH,FRF3,2015,78.63,FR,2,80.0,FRA
A,PC_HH,FRF3,2016,81.75,FR,2,78.0,FRA
A,PC_HH,FRF3,2017,76.85,FR,2,77.0,FRA
A,PC_HH,FRF3,2018,80.8,FR,2,76.0,FRA
A,PC_HH,FRF3,2019,81.47,FR,2,76.0,FRA
A,PC_HH,FRF3,2021,88.12,FR,2,73.0,FRA
A,PC_HH,FRG0,2014,77.64,FR,2,95.0,FRA
A,PC_HH,FRG0,2015,80.24,FR,2,95.0,FRA
A,PC_HH,FRG0,2016,76.96,FR,2,93.0,FRA
A,PC_HH,FRG0,2017,77.26,FR,2,92.0,FRA
A,PC_HH,FRG0,2018,82.93,FR,2,91.0,FRA
A,PC_HH,FRG0,2019,85.48,FR,2,94.0,FRA
A,PC_HH,FRG0,2021,87.82,FR,2,91.0,FRA
A,PC_HH,FRH0,2014,73.28,FR,2,91.0,FRA
A,PC_HH,FRH0,2015,75.01,FR,2,90.0,FRA
A,PC_HH,FRH0,2016,74.22,FR,2,89.0,FRA
A,PC_HH,FRH0,2017,78.34,FR,2,88.0,FRA
A,PC_HH,FRH0,2018,80.82,FR,2,87.0,FRA
A,PC_HH,FRH0,2019,84.37,FR,2,89.0,FRA
A,PC_HH,FRH0,2021,86.3,FR,2,86.0,FRA
A,PC_HH,FRI1,2014,72.97,FR,2,96.0,FRA
A,PC_HH,FRI1,2015,77.65,FR,2,94.0,FRA
A,PC_HH,FRI1,2016,82.89,FR,2,93.0,FRA
A,PC_HH,FRI1,2017,80.36,FR,2,91.0,FRA
A,PC_HH,FRI1,2018,82.81,FR,2,91.0,FRA
A,PC_HH,FRI1,2019,83.25,FR,2,93.0,FRA
A,PC_HH,FRI1,2021,89.13,FR,2,90.0,FRA
A,PC_HH,FRI2,2014,72.13,FR,2,83.0,FRA
A,PC_HH,FRI2,2015,70.33,FR,2,81.0,FRA
A,PC_HH,FRI2,2016,71.34,FR,2,79.0,FRA
A,PC_HH,FRI2,2017,74.06,FR,2,78.0,FRA
A,PC_HH,FRI2,2018,63.49,FR,2,77.0,FRA
A,PC_HH,FRI2,2019,71.17,FR,2,81.0,FRA
A,PC_HH,FRI2,2021,75.28,FR,2,78.0,FRA
A,PC_HH,FRI3,2014,76.62,FR,2,89.0,FRA
A,PC_HH,FRI3,2015,72.07,FR,2,87.0,FRA
A,PC_HH,FRI3,2016,78.58,FR,2,85.0,FRA
A,PC_HH,FRI3,2017,73.04,FR,2,84.0,FRA
A,PC_HH,FRI3,2018,81.64,FR,2,84.0,FRA
A,PC_HH,FRI3,2019,82.7,FR,2,86.0,FRA
A,PC_HH,FRI3,2021,86.9,FR,2,83.0,FRA
A,PC_HH,FRJ1,2014,80.55,FR,2,84.0,FRA
A,PC_HH,FRJ1,2015,68.86,FR,2,82.0,FRA
A,PC_HH,FRJ1,2016,75.68,FR,2,82.0,FRA
A,PC_HH,FRJ1,2017,77.14,FR,2,80.0,FRA
A,PC_HH,FRJ1,2018,81.9,FR,2,79.0,FRA
A,PC_HH,FRJ1,2019,79.73,FR,2,81.0,FRA
A,PC_HH,FRJ1,2021,86.58,FR,2,80.0,FRA
A,PC_HH,FRJ2,2014,77.76,FR,2,99.0,FRA
A,PC_HH,FRJ2,2015,75.74,FR,2,98.0,FRA
A,PC_HH,FRJ2,2016,82.03,FR,2,97.0,FRA
A,PC_HH,FRJ2,2017,81.78,FR,2,95.0,FRA
A,PC_HH,FRJ2,2018,80.23,FR,2,95.0,FRA
A,PC_HH,FRJ2,2019,81.54,FR,2,97.0,FRA
A,PC_HH,FRJ2,2021,84.11,FR,2,91.0,FRA
A,PC_HH,FRK1,2014,71.76,FR,2,86.0,FRA
A,PC_HH,FRK1,2015,69.62,FR,2,85.0,FRA
A,PC_HH,FRK1,2016,77.82,FR,2,83.0,FRA
A,PC_HH,FRK1,2017,78.23,FR,2,84.0,FRA
A,PC_HH,FRK1,2018,80.35,FR,2,83.0,FRA
A,PC_HH,FRK1,2019,76.85,FR,2,85.0,FRA
A,PC_HH,FRK1,2021,84.68,FR,2,82.0,FRA
A,PC_HH,FRK2,2014,75.57,FR,2,108.0,FRA
A,PC_HH,FRK2,2015,79.15,FR,2,107.0,FRA
A,PC_HH,FRK2,2016,80.84,FR,2,106.0,FRA
A,PC_HH,FRK2,2017,81.13,FR,2,104.0,FRA
A,PC_HH,FRK2,2018,80.12,FR,2,105.0,FRA
A,PC_HH,FRK2,2019,84.59,FR,2,106.0,FRA
A,PC_HH,FRK2,2021,88.77,FR,2,101.0,FRA
A,PC_HH,FRL0,2014,74.64,FR,2,104.0,FRA
A,PC_HH,FRL0,2015,77.35,FR,2,102.0,FRA
A,PC_HH,FRL0,2016,81.17,FR,2,101.0,FRA
A,PC_HH,FRL0,2017,81.91,FR,2,99.0,FRA
A,PC_HH,FRL0,2018,81.0,FR,2,98.0,FRA
A,PC_HH,FRL0,2019,83.28,FR,2,100.0,FRA
A,PC_HH,FRL0,2021,88.45,FR,2,105.0,FRA
A,PC_HH,FRM0,2014,69.74,FR,2,91.0,FRA
A,PC_HH,FRM0,2015,57.15,FR,2,90.0,FRA
A,PC_HH,FRM0,2016,62.21,FR,2,88.0,FRA
A,PC_HH,FRM0,2017,63.76,FR,2,87.0,FRA
A,PC_HH,FRM0,2018,75.67,FR,2,87.0,FRA
A,PC_HH,FRM0,2019,76.96,FR,2,88.0,FRA
A,PC_HH,FRM0,2021,75.11,FR,2,86.0,FRA
A,PC_HH,FRY1,2015,67.3,FR,2,76.0,FRA
A,PC_HH,FRY1,2016,54.73,FR,2,77.0,FRA
A,PC_HH,FRY1,2017,64.5,FR,2,69.0,FRA
A,PC_HH,FRY1,2018,57.74,FR,2,69.0,FRA
A,PC_HH,FRY1,2019,72.07,FR,2,71.0,FRA
A,PC_HH,FRY1,2021,75.37,FR,2,68.0,FRA
A,PC_HH,FRY2,2015,55.35,FR,2,75.0,FRA
A,PC_HH,FRY2,2016,66.08,FR,2,74.0,FRA
A,PC_HH,FRY2,2017,72.15,FR,2,73.0,FRA
A,PC_HH,FRY2,2018,71.06,FR,2,72.0,FRA
A,PC_HH,FRY2,2019,75.52,FR,2,72.0,FRA
A,PC_HH,FRY2,2021,85.81,FR,2,68.0,FRA
A,PC_HH,FRY3,2015,67.44,FR,2,52.0,FRA
A,PC_HH,FRY3,2016,46.25,FR,2,52.0,FRA
A,PC_HH,FRY3,2017,71.85,FR,2,49.0,FRA
A,PC_HH,FRY3,2018,55.61,FR,2,49.0,FRA
A,PC_HH,FRY3,2019,78.7,FR,2,51.0,FRA
A,PC_HH,FRY3,2021,79.16,FR,2,48.0,FRA
A,PC_HH,FRY4,2015,64.99,FR,2,67.0,FRA
A,PC_HH,FRY4,2016,66.87,FR,2,67.0,FRA
A,PC_HH,FRY4,2017,55.26,FR,2,66.0,FRA
A,PC_HH,FRY4,2018,77.74,FR,2,65.0,FRA
A,PC_HH,FRY4,2019,66.1,FR,2,66.0,FRA
A,PC_HH,FRY4,2021,87.39,FR,2,66.0,FRA
A,PC_HH,HR03,2010,50.69,HR,2,58.0,HRV
A,PC_HH,HR03,2011,58.17,HR,2,58.0,HRV
A,PC_HH,HR03,2012,60.67,HR,2,59.0,HRV
A,PC_HH,HR03,2013,63.52,HR,2,59.0,HRV
A,PC_HH,HR03,2014,71.5,HR,2,59.0,HRV
A,PC_HH,HR03,2015,80.91,HR,2,60.0,HRV
A,PC_HH,HR03,2016,77.65,HR,2,61.0,HRV
A,PC_HH,HR03,2017,73.09,HR,2,63.0,HRV
A,PC_HH,HR03,2018,83.05,HR,2,64.0,HRV
A,PC_HH,HR03,2019,83.84,HR,2,65.0,HRV
A,PC_HH,HR03,2020,88.28,HR,2,59.0,HRV
A,PC_HH,HR03,2021,87.38,HR,2,66.0,HRV
A,PC_HH,HU11,2018,89.56,HU,2,146.0,HUN
A,PC_HH,HU11,2019,92.11,HU,2,155.0,HUN
A,PC_HH,HU11,2020,94.21,HU,2,157.0,HUN
A,PC_HH,HU11,2021,95.62,HU,2,158.0,HUN
A,PC_HH,HU12,2018,87.88,HU,2,56.0,HUN
A,PC_HH,HU12,2019,88.46,HU,2,58.0,HUN
A,PC_HH,HU12,2020,86.91,HU,2,60.0,HUN
A,PC_HH,HU12,2021,93.62,HU,2,61.0,HUN
A,PC_HH,HU21,2010,50.22,HU,2,57.0,HUN
A,PC_HH,HU21,2011,59.64,HU,2,59.0,HUN
A,PC_HH,HU21,2012,69.56,HU,2,58.0,HUN
A,PC_HH,HU21,2013,70.98,HU,2,61.0,HUN
A,PC_HH,HU21,2014,75.16,HU,2,62.0,HUN
A,PC_HH,HU21,2015,77.93,HU,2,65.0,HUN
A,PC_HH,HU21,2016,80.44,HU,2,66.0,HUN
A,PC_HH,HU21,2017,84.88,HU,2,64.0,HUN
A,PC_HH,HU21,2018,86.29,HU,2,66.0,HUN
A,PC_HH,HU21,2019,87.63,HU,2,66.0,HUN
A,PC_HH,HU21,2020,90.58,HU,2,66.0,HUN
A,PC_HH,HU21,2021,92.1,HU,2,66.0,HUN
A,PC_HH,HU22,2010,50.41,HU,2,67.0,HUN
A,PC_HH,HU22,2011,61.92,HU,2,67.0,HUN
A,PC_HH,HU22,2012,67.14,HU,2,67.0,HUN
A,PC_HH,HU22,2013,70.26,HU,2,71.0,HUN
A,PC_HH,HU22,2014,75.9,HU,2,74.0,HUN
A,PC_HH,HU22,2015,77.05,HU,2,76.0,HUN
A,PC_HH,HU22,2016,81.03,HU,2,75.0,HUN
A,PC_HH,HU22,2017,83.05,HU,2,72.0,HUN
A,PC_HH,HU22,2018,84.52,HU,2,73.0,HUN
A,PC_HH,HU22,2019,85.29,HU,2,72.0,HUN
A,PC_HH,HU22,2020,85.74,HU,2,71.0,HUN
A,PC_HH,HU22,2021,91.89,HU,2,68.0,HUN
A,PC_HH,HU23,2010,43.01,HU,2,45.0,HUN
A,PC_HH,HU23,2011,53.5,HU,2,45.0,HUN
A,PC_HH,HU23,2012,59.3,HU,2,45.0,HUN
A,PC_HH,HU23,2013,64.35,HU,2,47.0,HUN
A,PC_HH,HU23,2014,69.53,HU,2,46.0,HUN
A,PC_HH,HU23,2015,72.47,HU,2,46.0,HUN
A,PC_HH,HU23,2016,75.44,HU,2,46.0,HUN
A,PC_HH,HU23,2017,79.81,HU,2,47.0,HUN
A,PC_HH,HU23,2018,80.16,HU,2,49.0,HUN
A,PC_HH,HU23,2019,85.21,HU,2,49.0,HUN
A,PC_HH,HU23,2020,85.75,HU,2,50.0,HUN
A,PC_HH,HU23,2021,89.03,HU,2,51.0,HUN
A,PC_HH,HU31,2010,48.47,HU,2,39.0,HUN
A,PC_HH,HU31,2011,54.23,HU,2,39.0,HUN
A,PC_HH,HU31,2012,57.91,HU,2,39.0,HUN
A,PC_HH,HU31,2013,64.95,HU,2,42.0,HUN
A,PC_HH,HU31,2014,64.67,HU,2,43.0,HUN
A,PC_HH,HU31,2015,67.76,HU,2,46.0,HUN
A,PC_HH,HU31,2016,74.1,HU,2,45.0,HUN
A,PC_HH,HU31,2017,75.2,HU,2,47.0,HUN
A,PC_HH,HU31,2018,77.84,HU,2,49.0,HUN
A,PC_HH,HU31,2019,81.29,HU,2,48.0,HUN
A,PC_HH,HU31,2020,83.76,HU,2,50.0,HUN
A,PC_HH,HU31,2021,86.26,HU,2,51.0,HUN
A,PC_HH,HU32,2010,40.56,HU,2,42.0,HUN
A,PC_HH,HU32,2011,51.57,HU,2,43.0,HUN
A,PC_HH,HU32,2012,58.64,HU,2,43.0,HUN
A,PC_HH,HU32,2013,61.66,HU,2,44.0,HUN
A,PC_HH,HU32,2014,65.58,HU,2,44.0,HUN
A,PC_HH,HU32,2015,67.09,HU,2,44.0,HUN
A,PC_HH,HU32,2016,70.33,HU,2,43.0,HUN
A,PC_HH,HU32,2017,75.66,HU,2,44.0,HUN
A,PC_HH,HU32,2018,76.03,HU,2,46.0,HUN
A,PC_HH,HU32,2019,82.34,HU,2,47.0,HUN
A,PC_HH,HU32,2020,84.79,HU,2,49.0,HUN
A,PC_HH,HU32,2021,88.04,HU,2,49.0,HUN
A,PC_HH,HU33,2010,47.16,HU,2,44.0,HUN
A,PC_HH,HU33,2011,54.28,HU,2,45.0,HUN
A,PC_HH,HU33,2012,62.19,HU,2,46.0,HUN
A,PC_HH,HU33,2013,62.04,HU,2,49.0,HUN
A,PC_HH,HU33,2014,66.28,HU,2,49.0,HUN
A,PC_HH,HU33,2015,67.62,HU,2,50.0,HUN
A,PC_HH,HU33,2016,70.55,HU,2,49.0,HUN
A,PC_HH,HU33,2017,75.9,HU,2,49.0,HUN
A,PC_HH,HU33,2018,77.63,HU,2,52.0,HUN
A,PC_HH,HU33,2019,81.37,HU,2,52.0,HUN
A,PC_HH,HU33,2020,82.17,HU,2,55.0,HUN
A,PC_HH,HU33,2021,86.72,HU,2,54.0,HUN
A,PC_HH,ITC1,2010,48.17,IT,2,109.0,ITA
A,PC_HH,ITC1,2011,51.17,IT,2,108.0,ITA
A,PC_HH,ITC1,2012,52.67,IT,2,105.0,ITA
A,PC_HH,ITC1,2013,65.16,IT,2,104.0,ITA
A,PC_HH,ITC1,2014,71.07,IT,2,100.0,ITA
A,PC_HH,ITC1,2015,74.61,IT,2,100.0,ITA
A,PC_HH,ITC1,2016,78.45,IT,2,102.0,ITA
A,PC_HH,ITC1,2017,80.26,IT,2,102.0,ITA
A,PC_HH,ITC1,2018,83.73,IT,2,101.0,ITA
A,PC_HH,ITC1,2019,82.63,IT,2,100.0,ITA
A,PC_HH,ITC1,2020,86.58,IT,2,96.0,ITA
A,PC_HH,ITC1,2021,88.01,IT,2,99.0,ITA
A,PC_HH,ITC2,2010,48.02,IT,2,145.0,ITA
A,PC_HH,ITC2,2011,52.05,IT,2,144.0,ITA
A,PC_HH,ITC2,2012,56.29,IT,2,145.0,ITA
A,PC_HH,ITC2,2013,67.31,IT,2,137.0,ITA
A,PC_HH,ITC2,2014,67.65,IT,2,131.0,ITA
A,PC_HH,ITC2,2015,75.8,IT,2,128.0,ITA
A,PC_HH,ITC2,2016,74.68,IT,2,126.0,ITA
A,PC_HH,ITC2,2017,73.82,IT,2,127.0,ITA
A,PC_HH,ITC2,2018,80.42,IT,2,124.0,ITA
A,PC_HH,ITC2,2019,84.52,IT,2,123.0,ITA
A,PC_HH,ITC2,2020,83.42,IT,2,118.0,ITA
A,PC_HH,ITC2,2021,90.58,IT,2,119.0,ITA
A,PC_HH,ITC3,2010,48.09,IT,2,112.0,ITA
A,PC_HH,ITC3,2011,48.78,IT,2,112.0,ITA
A,PC_HH,ITC3,2012,57.14,IT,2,110.0,ITA
A,PC_HH,ITC3,2013,63.6,IT,2,107.0,ITA
A,PC_HH,ITC3,2014,68.16,IT,2,106.0,ITA
A,PC_HH,ITC3,2015,74.56,IT,2,105.0,ITA
A,PC_HH,ITC3,2016,76.13,IT,2,107.0,ITA
A,PC_HH,ITC3,2017,81.43,IT,2,106.0,ITA
A,PC_HH,ITC3,2018,84.58,IT,2,103.0,ITA
A,PC_HH,ITC3,2019,83.9,IT,2,103.0,ITA
A,PC_HH,ITC3,2020,88.61,IT,2,98.0,ITA
A,PC_HH,ITC3,2021,88.85,IT,2,100.0,ITA
A,PC_HH,ITC4,2010,52.98,IT,2,143.0,ITA
A,PC_HH,ITC4,2011,57.77,IT,2,142.0,ITA
A,PC_HH,ITC4,2012,60.52,IT,2,138.0,ITA
A,PC_HH,ITC4,2013,71.32,IT,2,134.0,ITA
A,PC_HH,ITC4,2014,75.34,IT,2,131.0,ITA
A,PC_HH,ITC4,2015,77.51,IT,2,130.0,ITA
A,PC_HH,ITC4,2016,82.48,IT,2,133.0,ITA
A,PC_HH,ITC4,2017,83.47,IT,2,131.0,ITA
A,PC_HH,ITC4,2018,85.98,IT,2,130.0,ITA
A,PC_HH,ITC4,2019,86.62,IT,2,128.0,ITA
A,PC_HH,ITC4,2020,89.21,IT,2,126.0,ITA
A,PC_HH,ITC4,2021,90.66,IT,2,130.0,ITA
A,PC_HH,ITF1,2010,49.38,IT,2,90.0,ITA
A,PC_HH,ITF1,2011,51.97,IT,2,92.0,ITA
A,PC_HH,ITF1,2012,50.76,IT,2,91.0,ITA
A,PC_HH,ITF1,2013,69.03,IT,2,88.0,ITA
A,PC_HH,ITF1,2014,68.76,IT,2,86.0,ITA
A,PC_HH,ITF1,2015,73.14,IT,2,84.0,ITA
A,PC_HH,ITF1,2016,77.87,IT,2,84.0,ITA
A,PC_HH,ITF1,2017,80.97,IT,2,84.0,ITA
A,PC_HH,ITF1,2018,81.66,IT,2,82.0,ITA
A,PC_HH,ITF1,2019,84.08,IT,2,81.0,ITA
A,PC_HH,ITF1,2020,84.89,IT,2,79.0,ITA
A,PC_HH,ITF1,2021,87.3,IT,2,81.0,ITA
A,PC_HH,ITF2,2010,33.88,IT,2,84.0,ITA
A,PC_HH,ITF2,2011,43.47,IT,2,82.0,ITA
A,PC_HH,ITF2,2012,45.77,IT,2,80.0,ITA
A,PC_HH,ITF2,2013,58.96,IT,2,74.0,ITA
A,PC_HH,ITF2,2014,66.69,IT,2,71.0,ITA
A,PC_HH,ITF2,2015,70.87,IT,2,70.0,ITA
A,PC_HH,ITF2,2016,72.78,IT,2,71.0,ITA
A,PC_HH,ITF2,2017,74.69,IT,2,71.0,ITA
A,PC_HH,ITF2,2018,72.31,IT,2,70.0,ITA
A,PC_HH,ITF2,2019,77.08,IT,2,71.0,ITA
A,PC_HH,ITF2,2020,77.88,IT,2,70.0,ITA
A,PC_HH,ITF2,2021,84.14,IT,2,72.0,ITA
A,PC_HH,ITF3,2010,41.43,IT,2,69.0,ITA
A,PC_HH,ITF3,2011,43.43,IT,2,67.0,ITA
A,PC_HH,ITF3,2012,44.86,IT,2,67.0,ITA
A,PC_HH,ITF3,2013,60.13,IT,2,65.0,ITA
A,PC_HH,ITF3,2014,63.81,IT,2,63.0,ITA
A,PC_HH,ITF3,2015,69.83,IT,2,63.0,ITA
A,PC_HH,ITF3,2016,70.42,IT,2,63.0,ITA
A,PC_HH,ITF3,2017,76.34,IT,2,63.0,ITA
A,PC_HH,ITF3,2018,77.33,IT,2,61.0,ITA
A,PC_HH,ITF3,2019,78.51,IT,2,61.0,ITA
A,PC_HH,ITF3,2020,83.83,IT,2,60.0,ITA
A,PC_HH,ITF3,2021,87.18,IT,2,61.0,ITA
A,PC_HH,ITF4,2010,40.53,IT,2,67.0,ITA
A,PC_HH,ITF4,2011,37.44,IT,2,66.0,ITA
A,PC_HH,ITF4,2012,48.64,IT,2,67.0,ITA
A,PC_HH,ITF4,2013,60.37,IT,2,64.0,ITA
A,PC_HH,ITF4,2014,66.44,IT,2,63.0,ITA
A,PC_HH,ITF4,2015,67.99,IT,2,62.0,ITA
A,PC_HH,ITF4,2016,70.29,IT,2,63.0,ITA
A,PC_HH,ITF4,2017,74.14,IT,2,62.0,ITA
A,PC_HH,ITF4,2018,76.99,IT,2,62.0,ITA
A,PC_HH,ITF4,2019,77.29,IT,2,61.0,ITA
A,PC_HH,ITF4,2020,79.91,IT,2,60.0,ITA
A,PC_HH,ITF4,2021,82.97,IT,2,62.0,ITA
A,PC_HH,ITF5,2010,40.78,IT,2,73.0,ITA
A,PC_HH,ITF5,2011,43.59,IT,2,74.0,ITA
A,PC_HH,ITF5,2012,42.83,IT,2,74.0,ITA
A,PC_HH,ITF5,2013,65.08,IT,2,75.0,ITA
A,PC_HH,ITF5,2014,61.21,IT,2,70.0,ITA
A,PC_HH,ITF5,2015,67.88,IT,2,74.0,ITA
A,PC_HH,ITF5,2016,70.25,IT,2,74.0,ITA
A,PC_HH,ITF5,2017,73.16,IT,2,72.0,ITA
A,PC_HH,ITF5,2018,78.27,IT,2,73.0,ITA
A,PC_HH,ITF5,2019,78.26,IT,2,71.0,ITA
A,PC_HH,ITF5,2020,80.11,IT,2,68.0,ITA
A,PC_HH,ITF5,2021,84.95,IT,2,73.0,ITA
A,PC_HH,ITF6,2010,41.74,IT,2,66.0,ITA
A,PC_HH,ITF6,2011,42.63,IT,2,65.0,ITA
A,PC_HH,ITF6,2012,46.26,IT,2,64.0,ITA
A,PC_HH,ITF6,2013,58.95,IT,2,62.0,ITA
A,PC_HH,ITF6,2014,61.21,IT,2,59.0,ITA
A,PC_HH,ITF6,2015,65.24,IT,2,58.0,ITA
A,PC_HH,ITF6,2016,67.86,IT,2,59.0,ITA
A,PC_HH,ITF6,2017,69.28,IT,2,58.0,ITA
A,PC_HH,ITF6,2018,72.89,IT,2,57.0,ITA
A,PC_HH,ITF6,2019,76.57,IT,2,56.0,ITA
A,PC_HH,ITF6,2020,75.73,IT,2,55.0,ITA
A,PC_HH,ITF6,2021,83.65,IT,2,56.0,ITA
A,PC_HH,ITG1,2010,39.27,IT,2,67.0,ITA
A,PC_HH,ITG1,2011,42.24,IT,2,66.0,ITA
A,PC_HH,ITG1,2012,48.6,IT,2,65.0,ITA
A,PC_HH,ITG1,2013,58.3,IT,2,63.0,ITA
A,PC_HH,ITG1,2014,62.45,IT,2,60.0,ITA
A,PC_HH,ITG1,2015,65.33,IT,2,60.0,ITA
A,PC_HH,ITG1,2016,68.81,IT,2,60.0,ITA
A,PC_HH,ITG1,2017,73.71,IT,2,60.0,ITA
A,PC_HH,ITG1,2018,73.95,IT,2,58.0,ITA
A,PC_HH,ITG1,2019,76.36,IT,2,58.0,ITA
A,PC_HH,ITG1,2020,78.37,IT,2,57.0,ITA
A,PC_HH,ITG1,2021,83.43,IT,2,59.0,ITA
A,PC_HH,ITG2,2010,53.6,IT,2,76.0,ITA
A,PC_HH,ITG2,2011,55.99,IT,2,76.0,ITA
A,PC_HH,ITG2,2012,57.99,IT,2,76.0,ITA
A,PC_HH,ITG2,2013,69.76,IT,2,73.0,ITA
A,PC_HH,ITG2,2014,74.77,IT,2,71.0,ITA
A,PC_HH,ITG2,2015,74.02,IT,2,71.0,ITA
A,PC_HH,ITG2,2016,78.51,IT,2,70.0,ITA
A,PC_HH,ITG2,2017,78.63,IT,2,69.0,ITA
A,PC_HH,ITG2,2018,86.08,IT,2,68.0,ITA
A,PC_HH,ITG2,2019,84.34,IT,2,69.0,ITA
A,PC_HH,ITG2,2020,84.32,IT,2,67.0,ITA
A,PC_HH,ITG2,2021,88.52,IT,2,69.0,ITA
A,PC_HH,ITH1,2010,49.66,IT,2,158.0,ITA
A,PC_HH,ITH1,2011,55.1,IT,2,158.0,ITA
A,PC_HH,ITH1,2012,58.82,IT,2,164.0,ITA
A,PC_HH,ITH1,2013,74.33,IT,2,161.0,ITA
A,PC_HH,ITH1,2014,79.0,IT,2,157.0,ITA
A,PC_HH,ITH1,2015,78.55,IT,2,155.0,ITA
A,PC_HH,ITH1,2016,76.45,IT,2,157.0,ITA
A,PC_HH,ITH1,2017,80.28,IT,2,156.0,ITA
A,PC_HH,ITH1,2018,84.34,IT,2,156.0,ITA
A,PC_HH,ITH1,2019,85.44,IT,2,156.0,ITA
A,PC_HH,ITH1,2020,89.69,IT,2,151.0,ITA
A,PC_HH,ITH1,2021,88.91,IT,2,153.0,ITA
A,PC_HH,ITH2,2010,56.92,IT,2,134.0,ITA
A,PC_HH,ITH2,2011,58.1,IT,2,133.0,ITA
A,PC_HH,ITH2,2012,64.46,IT,2,133.0,ITA
A,PC_HH,ITH2,2013,70.81,IT,2,133.0,ITA
A,PC_HH,ITH2,2014,76.69,IT,2,127.0,ITA
A,PC_HH,ITH2,2015,79.97,IT,2,123.0,ITA
A,PC_HH,ITH2,2016,81.66,IT,2,124.0,ITA
A,PC_HH,ITH2,2017,81.76,IT,2,122.0,ITA
A,PC_HH,ITH2,2018,87.9,IT,2,122.0,ITA
A,PC_HH,ITH2,2019,91.13,IT,2,122.0,ITA
A,PC_HH,ITH2,2020,92.87,IT,2,120.0,ITA
A,PC_HH,ITH2,2021,91.72,IT,2,121.0,ITA
A,PC_HH,ITH3,2010,53.9,IT,2,115.0,ITA
A,PC_HH,ITH3,2011,54.87,IT,2,116.0,ITA
A,PC_HH,ITH3,2012,59.74,IT,2,114.0,ITA
A,PC_HH,ITH3,2013,73.63,IT,2,111.0,ITA
A,PC_HH,ITH3,2014,72.65,IT,2,110.0,ITA
A,PC_HH,ITH3,2015,77.18,IT,2,109.0,ITA
A,PC_HH,ITH3,2016,80.31,IT,2,112.0,ITA
A,PC_HH,ITH3,2017,81.02,IT,2,111.0,ITA
A,PC_HH,ITH3,2018,85.67,IT,2,109.0,ITA
A,PC_HH,ITH3,2019,87.43,IT,2,109.0,ITA
A,PC_HH,ITH3,2020,90.16,IT,2,104.0,ITA
A,PC_HH,ITH3,2021,89.77,IT,2,107.0,ITA
A,PC_HH,ITH4,2010,50.99,IT,2,111.0,ITA
A,PC_HH,ITH4,2011,55.71,IT,2,110.0,ITA
A,PC_HH,ITH4,2012,58.84,IT,2,107.0,ITA
A,PC_HH,ITH4,2013,70.33,IT,2,106.0,ITA
A,PC_HH,ITH4,2014,77.27,IT,2,103.0,ITA
A,PC_HH,ITH4,2015,78.89,IT,2,103.0,ITA
A,PC_HH,ITH4,2016,79.6,IT,2,104.0,ITA
A,PC_HH,ITH4,2017,80.18,IT,2,103.0,ITA
A,PC_HH,ITH4,2018,82.39,IT,2,102.0,ITA
A,PC_HH,ITH4,2019,86.55,IT,2,102.0,ITA
A,PC_HH,ITH4,2020,91.36,IT,2,100.0,ITA
A,PC_HH,ITH4,2021,90.26,IT,2,104.0,ITA
A,PC_HH,ITH5,2012,59.88,IT,2,123.0,ITA
A,PC_HH,ITH5,2013,74.57,IT,2,121.0,ITA
A,PC_HH,ITH5,2014,77.01,IT,2,119.0,ITA
A,PC_HH,ITH5,2015,78.41,IT,2,118.0,ITA
A,PC_HH,ITH5,2016,81.03,IT,2,121.0,ITA
A,PC_HH,ITH5,2017,83.07,IT,2,119.0,ITA
A,PC_HH,ITH5,2018,88.48,IT,2,118.0,ITA
A,PC_HH,ITH5,2019,88.47,IT,2,116.0,ITA
A,PC_HH,ITH5,2020,90.43,IT,2,113.0,ITA
A,PC_HH,ITH5,2021,92.4,IT,2,117.0,ITA
A,PC_HH,ITI1,2010,54.07,IT,2,111.0,ITA
A,PC_HH,ITI1,2011,57.72,IT,2,110.0,ITA
A,PC_HH,ITI1,2012,56.31,IT,2,110.0,ITA
A,PC_HH,ITI1,2013,71.91,IT,2,106.0,ITA
A,PC_HH,ITI1,2014,74.27,IT,2,105.0,ITA
A,PC_HH,ITI1,2015,75.39,IT,2,103.0,ITA
A,PC_HH,ITI1,2016,78.82,IT,2,105.0,ITA
A,PC_HH,ITI1,2017,79.94,IT,2,104.0,ITA
A,PC_HH,ITI1,2018,85.98,IT,2,103.0,ITA
A,PC_HH,ITI1,2019,85.62,IT,2,105.0,ITA
A,PC_HH,ITI1,2020,90.24,IT,2,97.0,ITA
A,PC_HH,ITI1,2021,89.51,IT,2,100.0,ITA
A,PC_HH,ITI2,2010,51.32,IT,2,96.0,ITA
A,PC_HH,ITI2,2011,52.77,IT,2,95.0,ITA
A,PC_HH,ITI2,2012,58.05,IT,2,92.0,ITA
A,PC_HH,ITI2,2013,72.86,IT,2,89.0,ITA
A,PC_HH,ITI2,2014,71.06,IT,2,85.0,ITA
A,PC_HH,ITI2,2015,77.43,IT,2,85.0,ITA
A,PC_HH,ITI2,2016,78.63,IT,2,85.0,ITA
A,PC_HH,ITI2,2017,78.75,IT,2,84.0,ITA
A,PC_HH,ITI2,2018,83.16,IT,2,84.0,ITA
A,PC_HH,ITI2,2019,85.59,IT,2,83.0,ITA
A,PC_HH,ITI2,2020,85.74,IT,2,80.0,ITA
A,PC_HH,ITI2,2021,87.26,IT,2,82.0,ITA
A,PC_HH,ITI3,2012,58.49,IT,2,95.0,ITA
A,PC_HH,ITI3,2013,71.76,IT,2,92.0,ITA
A,PC_HH,ITI3,2014,73.53,IT,2,92.0,ITA
A,PC_HH,ITI3,2015,77.31,IT,2,90.0,ITA
A,PC_HH,ITI3,2016,78.04,IT,2,91.0,ITA
A,PC_HH,ITI3,2017,81.69,IT,2,91.0,ITA
A,PC_HH,ITI3,2018,86.92,IT,2,89.0,ITA
A,PC_HH,ITI3,2019,85.98,IT,2,89.0,ITA
A,PC_HH,ITI3,2020,88.89,IT,2,86.0,ITA
A,PC_HH,ITI3,2021,86.64,IT,2,89.0,ITA
A,PC_HH,ITI4,2010,52.98,IT,2,135.0,ITA
A,PC_HH,ITI4,2011,55.25,IT,2,133.0,ITA
A,PC_HH,ITI4,2012,57.56,IT,2,128.0,ITA
A,PC_HH,ITI4,2013,71.25,IT,2,123.0,ITA
A,PC_HH,ITI4,2014,73.2,IT,2,119.0,ITA
A,PC_HH,ITI4,2015,78.15,IT,2,115.0,ITA
A,PC_HH,ITI4,2016,79.76,IT,2,119.0,ITA
A,PC_HH,ITI4,2017,80.86,IT,2,116.0,ITA
A,PC_HH,ITI4,2018,84.74,IT,2,114.0,ITA
A,PC_HH,ITI4,2019,86.78,IT,2,114.0,ITA
A,PC_HH,ITI4,2020,91.47,IT,2,110.0,ITA
A,PC_HH,ITI4,2021,91.16,IT,2,110.0,ITA
A,PC_HH,NL11,2010,74.71,NL,2,173.0,NLD
A,PC_HH,NL11,2011,85.04,NL,2,173.0,NLD
A,PC_HH,NL11,2012,87.27,NL,2,181.0,NLD
A,PC_HH,NL11,2013,86.47,NL,2,189.0,NLD
A,PC_HH,NL11,2014,91.79,NL,2,160.0,NLD
A,PC_HH,NL11,2015,96.48,NL,2,142.0,NLD
A,PC_HH,NL11,2016,97.66,NL,2,128.0,NLD
A,PC_HH,NL11,2017,98.86,NL,2,128.0,NLD
A,PC_HH,NL11,2018,99.06,NL,2,126.0,NLD
A,PC_HH,NL11,2019,93.43,NL,2,119.0,NLD
A,PC_HH,NL11,2020,96.04,NL,2,116.0,NLD
A,PC_HH,NL11,2021,98.58,NL,2,120.0,NLD
A,PC_HH,NL12,2010,74.25,NL,2,100.0,NLD
A,PC_HH,NL12,2011,87.71,NL,2,101.0,NLD
A,PC_HH,NL12,2012,81.18,NL,2,100.0,NLD
A,PC_HH,NL12,2013,83.28,NL,2,98.0,NLD
A,PC_HH,NL12,2014,95.41,NL,2,96.0,NLD
A,PC_HH,NL12,2015,92.61,NL,2,94.0,NLD
A,PC_HH,NL12,2016,94.61,NL,2,92.0,NLD
A,PC_HH,NL12,2017,97.41,NL,2,92.0,NLD
A,PC_HH,NL12,2018,95.78,NL,2,92.0,NLD
A,PC_HH,NL12,2019,96.71,NL,2,91.0,NLD
A,PC_HH,NL12,2020,96.4,NL,2,96.0,NLD
A,PC_HH,NL12,2021,96.91,NL,2,96.0,NLD
A,PC_HH,NL13,2010,76.93,NL,2,97.0,NLD
A,PC_HH,NL13,2011,84.52,NL,2,97.0,NLD
A,PC_HH,NL13,2012,85.84,NL,2,99.0,NLD
A,PC_HH,NL13,2013,85.12,NL,2,100.0,NLD
A,PC_HH,NL13,2014,94.09,NL,2,97.0,NLD
A,PC_HH,NL13,2015,91.48,NL,2,94.0,NLD
A,PC_HH,NL13,2016,95.41,NL,2,90.0,NLD
A,PC_HH,NL13,2017,99.09,NL,2,90.0,NLD
A,PC_HH,NL13,2018,94.48,NL,2,91.0,NLD
A,PC_HH,NL13,2019,96.16,NL,2,89.0,NLD
A,PC_HH,NL13,2020,97.85,NL,2,92.0,NLD
A,PC_HH,NL13,2021,97.51,NL,2,93.0,NLD
A,PC_HH,NL21,2010,81.54,NL,2,114.0,NLD
A,PC_HH,NL21,2011,85.66,NL,2,113.0,NLD
A,PC_HH,NL21,2012,87.52,NL,2,112.0,NLD
A,PC_HH,NL21,2013,88.13,NL,2,112.0,NLD
A,PC_HH,NL21,2014,95.52,NL,2,109.0,NLD
A,PC_HH,NL21,2015,96.96,NL,2,109.0,NLD
A,PC_HH,NL21,2016,94.64,NL,2,109.0,NLD
A,PC_HH,NL21,2017,95.67,NL,2,110.0,NLD
A,PC_HH,NL21,2018,98.33,NL,2,110.0,NLD
A,PC_HH,NL21,2019,95.62,NL,2,108.0,NLD
A,PC_HH,NL21,2020,97.48,NL,2,113.0,NLD
A,PC_HH,NL21,2021,99.39,NL,2,113.0,NLD
A,PC_HH,NL22,2010,73.61,NL,2,116.0,NLD
A,PC_HH,NL22,2011,81.32,NL,2,115.0,NLD
A,PC_HH,NL22,2012,81.8,NL,2,114.0,NLD
A,PC_HH,NL22,2013,85.16,NL,2,114.0,NLD
A,PC_HH,NL22,2014,95.72,NL,2,111.0,NLD
A,PC_HH,NL22,2015,94.57,NL,2,110.0,NLD
A,PC_HH,NL22,2016,96.16,NL,2,109.0,NLD
A,PC_HH,NL22,2017,95.57,NL,2,109.0,NLD
A,PC_HH,NL22,2018,97.97,NL,2,109.0,NLD
A,PC_HH,NL22,2019,98.43,NL,2,108.0,NLD
A,PC_HH,NL22,2020,97.22,NL,2,112.0,NLD
A,PC_HH,NL22,2021,98.73,NL,2,112.0,NLD
A,PC_HH,NL23,2010,83.6,NL,2,103.0,NLD
A,PC_HH,NL23,2011,88.19,NL,2,104.0,NLD
A,PC_HH,NL23,2012,91.71,NL,2,100.0,NLD
A,PC_HH,NL23,2013,92.45,NL,2,101.0,NLD
A,PC_HH,NL23,2014,89.93,NL,2,99.0,NLD
A,PC_HH,NL23,2015,91.26,NL,2,97.0,NLD
A,PC_HH,NL23,2016,100.0,NL,2,96.0,NLD
A,PC_HH,NL23,2017,100.0,NL,2,95.0,NLD
A,PC_HH,NL23,2018,92.7,NL,2,96.0,NLD
A,PC_HH,NL23,2019,99.22,NL,2,96.0,NLD
A,PC_HH,NL23,2020,98.74,NL,2,99.0,NLD
A,PC_HH,NL23,2021,98.23,NL,2,98.0,NLD
A,PC_HH,NL32,2010,84.94,NL,2,166.0,NLD
A,PC_HH,NL32,2011,87.32,NL,2,163.0,NLD
A,PC_HH,NL32,2012,84.7,NL,2,165.0,NLD
A,PC_HH,NL32,2013,89.92,NL,2,169.0,NLD
A,PC_HH,NL32,2014,93.75,NL,2,170.0,NLD
A,PC_HH,NL32,2015,94.29,NL,2,171.0,NLD
A,PC_HH,NL32,2016,94.39,NL,2,169.0,NLD
A,PC_HH,NL32,2017,99.05,NL,2,170.0,NLD
A,PC_HH,NL32,2018,98.48,NL,2,171.0,NLD
A,PC_HH,NL32,2019,98.37,NL,2,170.0,NLD
A,PC_HH,NL32,2020,97.88,NL,2,168.0,NLD
A,PC_HH,NL32,2021,98.5,NL,2,168.0,NLD
A,PC_HH,NL34,2010,70.56,NL,2,107.0,NLD
A,PC_HH,NL34,2011,78.7,NL,2,108.0,NLD
A,PC_HH,NL34,2012,87.72,NL,2,107.0,NLD
A,PC_HH,NL34,2013,84.7,NL,2,107.0,NLD
A,PC_HH,NL34,2014,97.37,NL,2,105.0,NLD
A,PC_HH,NL34,2015,92.27,NL,2,105.0,NLD
A,PC_HH,NL34,2016,91.66,NL,2,102.0,NLD
A,PC_HH,NL34,2017,96.03,NL,2,102.0,NLD
A,PC_HH,NL34,2018,97.11,NL,2,105.0,NLD
A,PC_HH,NL34,2019,98.74,NL,2,102.0,NLD
A,PC_HH,NL34,2020,94.62,NL,2,106.0,NLD
A,PC_HH,NL34,2021,100.0,NL,2,104.0,NLD
A,PC_HH,NL41,2010,79.42,NL,2,135.0,NLD
A,PC_HH,NL41,2011,79.35,NL,2,134.0,NLD
A,PC_HH,NL41,2012,86.16,NL,2,135.0,NLD
A,PC_HH,NL41,2013,84.95,NL,2,135.0,NLD
A,PC_HH,NL41,2014,93.39,NL,2,132.0,NLD
A,PC_HH,NL41,2015,92.95,NL,2,131.0,NLD
A,PC_HH,NL41,2016,96.39,NL,2,131.0,NLD
A,PC_HH,NL41,2017,97.97,NL,2,133.0,NLD
A,PC_HH,NL41,2018,97.63,NL,2,133.0,NLD
A,PC_HH,NL41,2019,98.36,NL,2,131.0,NLD
A,PC_HH,NL41,2020,96.93,NL,2,136.0,NLD
A,PC_HH,NL41,2021,98.5,NL,2,137.0,NLD
A,PC_HH,NL42,2010,77.06,NL,2,115.0,NLD
A,PC_HH,NL42,2011,80.87,NL,2,115.0,NLD
A,PC_HH,NL42,2012,84.1,NL,2,114.0,NLD
A,PC_HH,NL42,2013,85.41,NL,2,116.0,NLD
A,PC_HH,NL42,2014,94.97,NL,2,113.0,NLD
A,PC_HH,NL42,2015,96.48,NL,2,112.0,NLD
A,PC_HH,NL42,2016,92.87,NL,2,114.0,NLD
A,PC_HH,NL42,2017,98.1,NL,2,114.0,NLD
A,PC_HH,NL42,2018,96.16,NL,2,114.0,NLD
A,PC_HH,NL42,2019,99.03,NL,2,111.0,NLD
A,PC_HH,NL42,2020,96.07,NL,2,114.0,NLD
A,PC_HH,NL42,2021,98.12,NL,2,114.0,NLD
A,PC_HH,PL2,2010,55.96,PL,1,62.0,POL
A,PC_HH,PL2,2011,61.05,PL,1,65.0,POL
A,PC_HH,PL2,2012,70.15,PL,1,66.0,POL
A,PC_HH,PL2,2013,70.18,PL,1,65.0,POL
A,PC_HH,PL2,2014,69.65,PL,1,66.0,POL
A,PC_HH,PL2,2015,68.25,PL,1,68.0,POL
A,PC_HH,PL2,2016,75.55,PL,1,68.0,POL
A,PC_HH,PL2,2017,77.12,PL,1,68.0,POL
A,PC_HH,PL2,2018,78.07,PL,1,70.0,POL
A,PC_HH,PL2,2019,82.9,PL,1,72.0,POL
A,PC_HH,PL2,2020,89.36,PL,1,75.0,POL
A,PC_HH,PL2,2021,91.83,PL,1,77.0,POL
A,PC_HH,PL4,2010,60.55,PL,1,61.0,POL
A,PC_HH,PL4,2011,66.68,PL,1,63.0,POL
A,PC_HH,PL4,2012,68.47,PL,1,65.0,POL
A,PC_HH,PL4,2013,70.58,PL,1,65.0,POL
A,PC_HH,PL4,2014,70.11,PL,1,66.0,POL
A,PC_HH,PL4,2015,69.82,PL,1,68.0,POL
A,PC_HH,PL4,2016,76.26,PL,1,68.0,POL
A,PC_HH,PL4,2017,77.57,PL,1,68.0,POL
A,PC_HH,PL4,2018,80.82,PL,1,69.0,POL
A,PC_HH,PL4,2019,82.11,PL,1,71.0,POL
A,PC_HH,PL4,2020,88.6,PL,1,76.0,POL
A,PC_HH,PL4,2021,92.45,PL,1,76.0,POL
A,PC_HH,PL5,2010,58.31,PL,1,67.0,POL
A,PC_HH,PL5,2011,64.11,PL,1,70.0,POL
A,PC_HH,PL5,2012,63.54,PL,1,71.0,POL
A,PC_HH,PL5,2013,64.14,PL,1,70.0,POL
A,PC_HH,PL5,2014,71.82,PL,1,71.0,POL
A,PC_HH,PL5,2015,73.44,PL,1,73.0,POL
A,PC_HH,PL5,2016,75.61,PL,1,72.0,POL
A,PC_HH,PL5,2017,78.43,PL,1,72.0,POL
A,PC_HH,PL5,2018,75.42,PL,1,73.0,POL
A,PC_HH,PL5,2019,85.34,PL,1,75.0,POL
A,PC_HH,PL5,2020,90.07,PL,1,80.0,POL
A,PC_HH,PL5,2021,92.41,PL,1,82.0,POL
A,PC_HH,PL6,2010,58.72,PL,1,54.0,POL
A,PC_HH,PL6,2011,60.68,PL,1,56.0,POL
A,PC_HH,PL6,2012,65.46,PL,1,57.0,POL
A,PC_HH,PL6,2013,70.42,PL,1,57.0,POL
A,PC_HH,PL6,2014,71.83,PL,1,57.0,POL
A,PC_HH,PL6,2015,70.13,PL,1,59.0,POL
A,PC_HH,PL6,2016,74.26,PL,1,59.0,POL
A,PC_HH,PL6,2017,79.43,PL,1,59.0,POL
A,PC_HH,PL6,2018,81.84,PL,1,61.0,POL
A,PC_HH,PL6,2019,83.67,PL,1,62.0,POL
A,PC_HH,PL6,2020,89.82,PL,1,66.0,POL
A,PC_HH,PL6,2021,91.51,PL,1,67.0,POL
A,PC_HH,PL7,2018,74.94,PL,1,62.0,POL
A,PC_HH,PL7,2019,81.84,PL,1,64.0,POL
A,PC_HH,PL7,2020,88.59,PL,1,70.0,POL
A,PC_HH,PL7,2021,88.04,PL,1,70.0,POL
A,PC_HH,PL8,2018,78.25,PL,1,51.0,POL
A,PC_HH,PL8,2019,82.47,PL,1,52.0,POL
A,PC_HH,PL8,2020,87.5,PL,1,57.0,POL
A,PC_HH,PL8,2021,90.36,PL,1,57.0,POL
A,PC_HH,PL9,2018,82.8,PL,1,114.0,POL
A,PC_HH,PL9,2019,84.91,PL,1,118.0,POL
A,PC_HH,PL9,2020,92.36,PL,1,122.0,POL
A,PC_HH,PL9,2021,94.41,PL,1,120.0,POL
A,PC_HH,PT11,2010,47.71,PT,2,66.0,PRT
A,PC_HH,PT11,2011,53.27,PT,2,62.0,PRT
A,PC_HH,PT11,2012,55.66,PT,2,62.0,PRT
A,PC_HH,PT11,2013,58.19,PT,2,64.0,PRT
A,PC_HH,PT11,2014,61.11,PT,2,65.0,PRT
A,PC_HH,PT11,2015,64.32,PT,2,65.0,PRT
A,PC_HH,PT11,2016,70.28,PT,2,65.0,PRT
A,PC_HH,PT11,2017,73.62,PT,2,65.0,PRT
A,PC_HH,PT11,2018,73.68,PT,2,66.0,PRT
A,PC_HH,PT11,2019,74.38,PT,2,66.0,PRT
A,PC_HH,PT11,2020,78.62,PT,2,65.0,PRT
A,PC_HH,PT11,2021,81.43,PT,2,65.0,PRT
A,PC_HH,PT15,2010,55.37,PT,2,82.0,PRT
A,PC_HH,PT15,2011,57.14,PT,2,75.0,PRT
A,PC_HH,PT15,2012,59.95,PT,2,74.0,PRT
A,PC_HH,PT15,2013,61.18,PT,2,76.0,PRT
A,PC_HH,PT15,2014,64.28,PT,2,77.0,PRT
A,PC_HH,PT15,2015,68.23,PT,2,77.0,PRT
A,PC_HH,PT15,2016,71.42,PT,2,80.0,PRT
A,PC_HH,PT15,2017,72.76,PT,2,81.0,PRT
A,PC_HH,PT15,2018,73.59,PT,2,82.0,PRT
A,PC_HH,PT15,2019,76.96,PT,2,82.0,PRT
A,PC_HH,PT15,2020,82.93,PT,2,70.0,PRT
A,PC_HH,PT15,2021,84.51,PT,2,71.0,PRT
A,PC_HH,PT20,2010,51.05,PT,2,74.0,PRT
A,PC_HH,PT20,2011,59.24,PT,2,69.0,PRT
A,PC_HH,PT20,2012,63.55,PT,2,67.0,PRT
A,PC_HH,PT20,2013,66.12,PT,2,69.0,PRT
A,PC_HH,PT20,2014,68.96,PT,2,69.0,PRT
A,PC_HH,PT20,2015,74.78,PT,2,69.0,PRT
A,PC_HH,PT20,2016,79.46,PT,2,69.0,PRT
A,PC_HH,PT20,2017,83.86,PT,2,68.0,PRT
A,PC_HH,PT20,2018,84.16,PT,2,68.0,PRT
A,PC_HH,PT20,2019,83.35,PT,2,68.0,PRT
A,PC_HH,PT20,2020,83.56,PT,2,65.0,PRT
A,PC_HH,PT20,2021,88.23,PT,2,65.0,PRT
A,PC_HH,PT30,2010,50.88,PT,2,80.0,PRT
A,PC_HH,PT30,2011,54.43,PT,2,76.0,PRT
A,PC_HH,PT30,2012,60.04,PT,2,72.0,PRT
A,PC_HH,PT30,2013,63.78,PT,2,74.0,PRT
A,PC_HH,PT30,2014,67.12,PT,2,74.0,PRT
A,PC_HH,PT30,2015,73.42,PT,2,74.0,PRT
A,PC_HH,PT30,2016,78.24,PT,2,75.0,PRT
A,PC_HH,PT30,2017,80.9,PT,2,76.0,PRT
A,PC_HH,PT30,2018,81.33,PT,2,76.0,PRT
A,PC_HH,PT30,2019,83.27,PT,2,76.0,PRT
A,PC_HH,PT30,2020,85.99,PT,2,68.0,PRT
A,PC_HH,PT30,2021,87.14,PT,2,71.0,PRT
A,PC_HH,RO11,2012,50.71,RO,2,49.0,ROU
A,PC_HH,RO11,2013,60.85,RO,2,47.0,ROU
A,PC_HH,RO11,2014,59.73,RO,2,49.0,ROU
A,PC_HH,RO11,2015,70.15,RO,2,49.0,ROU
A,PC_HH,RO11,2016,72.42,RO,2,52.0,ROU
A,PC_HH,RO11,2017,79.93,RO,2,58.0,ROU
A,PC_HH,RO11,2018,86.6,RO,2,60.0,ROU
A,PC_HH,RO11,2019,85.26,RO,2,64.0,ROU
A,PC_HH,RO11,2020,88.61,RO,2,67.0,ROU
A,PC_HH,RO11,2021,89.6,RO,2,67.0,ROU
A,PC_HH,RO12,2012,45.72,RO,2,54.0,ROU
A,PC_HH,RO12,2013,52.15,RO,2,51.0,ROU
A,PC_HH,RO12,2014,53.1,RO,2,51.0,ROU
A,PC_HH,RO12,2015,65.18,RO,2,52.0,ROU
A,PC_HH,RO12,2016,66.75,RO,2,55.0,ROU
A,PC_HH,RO12,2017,68.0,RO,2,59.0,ROU
A,PC_HH,RO12,2018,76.25,RO,2,62.0,ROU
A,PC_HH,RO12,2019,80.11,RO,2,64.0,ROU
A,PC_HH,RO12,2020,82.1,RO,2,68.0,ROU
A,PC_HH,RO12,2021,89.58,RO,2,68.0,ROU
A,PC_HH,RO21,2012,40.51,RO,2,35.0,ROU
A,PC_HH,RO21,2013,46.87,RO,2,34.0,ROU
A,PC_HH,RO21,2014,50.62,RO,2,34.0,ROU
A,PC_HH,RO21,2015,57.11,RO,2,34.0,ROU
A,PC_HH,RO21,2016,62.49,RO,2,36.0,ROU
A,PC_HH,RO21,2017,67.88,RO,2,39.0,ROU
A,PC_HH,RO21,2018,69.2,RO,2,41.0,ROU
A,PC_HH,RO21,2019,77.1,RO,2,44.0,ROU
A,PC_HH,RO21,2020,76.86,RO,2,47.0,ROU
A,PC_HH,RO21,2021,86.89,RO,2,45.0,ROU
A,PC_HH,RO22,2012,52.47,RO,2,48.0,ROU
A,PC_HH,RO22,2013,55.8,RO,2,49.0,ROU
A,PC_HH,RO22,2014,57.26,RO,2,50.0,ROU
A,PC_HH,RO22,2015,57.06,RO,2,48.0,ROU
A,PC_HH,RO22,2016,66.71,RO,2,49.0,ROU
A,PC_HH,RO22,2017,71.17,RO,2,51.0,ROU
A,PC_HH,RO22,2018,69.18,RO,2,54.0,ROU
A,PC_HH,RO22,2019,76.51,RO,2,55.0,ROU
A,PC_HH,RO22,2020,79.2,RO,2,56.0,ROU
A,PC_HH,RO22,2021,84.29,RO,2,58.0,ROU
A,PC_HH,RO31,2012,47.67,RO,2,44.0,ROU
A,PC_HH,RO31,2013,50.27,RO,2,43.0,ROU
A,PC_HH,RO31,2014,50.66,RO,2,47.0,ROU
A,PC_HH,RO31,2015,61.07,RO,2,44.0,ROU
A,PC_HH,RO31,2016,65.01,RO,2,47.0,ROU
A,PC_HH,RO31,2017,70.23,RO,2,48.0,ROU
A,PC_HH,RO31,2018,74.41,RO,2,51.0,ROU
A,PC_HH,RO31,2019,78.56,RO,2,52.0,ROU
A,PC_HH,RO31,2020,81.93,RO,2,54.0,ROU
A,PC_HH,RO31,2021,85.76,RO,2,54.0,ROU
A,PC_HH,RO32,2012,70.64,RO,2,132.0,ROU
A,PC_HH,RO32,2013,77.56,RO,2,127.0,ROU
A,PC_HH,RO32,2014,78.6,RO,2,126.0,ROU
A,PC_HH,RO32,2015,80.43,RO,2,133.0,ROU
A,PC_HH,RO32,2016,87.61,RO,2,136.0,ROU
A,PC_HH,RO32,2017,87.82,RO,2,145.0,ROU
A,PC_HH,RO32,2018,94.46,RO,2,147.0,ROU
A,PC_HH,RO32,2019,90.71,RO,2,158.0,ROU
A,PC_HH,RO32,2020,91.74,RO,2,164.0,ROU
A,PC_HH,RO32,2021,93.78,RO,2,168.0,ROU
A,PC_HH,RO41,2012,48.3,RO,2,43.0,ROU
A,PC_HH,RO41,2013,52.79,RO,2,40.0,ROU
A,PC_HH,RO41,2014,52.2,RO,2,39.0,ROU
A,PC_HH,RO41,2015,61.78,RO,2,41.0,ROU
A,PC_HH,RO41,2016,70.53,RO,2,42.0,ROU
A,PC_HH,RO41,2017,68.59,RO,2,46.0,ROU
A,PC_HH,RO41,2018,80.26,RO,2,50.0,ROU
A,PC_HH,RO41,2019,82.62,RO,2,53.0,ROU
A,PC_HH,RO41,2020,81.67,RO,2,55.0,ROU
A,PC_HH,RO41,2021,85.9,RO,2,55.0,ROU
A,PC_HH,RO42,2012,52.79,RO,2,61.0,ROU
A,PC_HH,RO42,2013,61.09,RO,2,56.0,ROU
A,PC_HH,RO42,2014,63.47,RO,2,56.0,ROU
A,PC_HH,RO42,2015,74.61,RO,2,59.0,ROU
A,PC_HH,RO42,2016,73.59,RO,2,62.0,ROU
A,PC_HH,RO42,2017,84.76,RO,2,65.0,ROU
A,PC_HH,RO42,2018,85.36,RO,2,67.0,ROU
A,PC_HH,RO42,2019,86.72,RO,2,70.0,ROU
A,PC_HH,RO42,2020,89.4,RO,2,72.0,ROU
A,PC_HH,RO42,2021,90.48,RO,2,73.0,ROU
A,PC_HH,SE11,2010,86.93,SE,2,176.0,SWE
A,PC_HH,SE11,2011,90.71,SE,2,177.0,SWE
A,PC_HH,SE11,2012,89.41,SE,2,178.0,SWE
A,PC_HH,SE11,2014,88.0,SE,2,175.0,SWE
A,PC_HH,SE11,2015,84.89,SE,2,177.0,SWE
A,PC_HH,SE11,2016,90.32,SE,2,170.0,SWE
A,PC_HH,SE11,2017,96.49,SE,2,162.0,SWE
A,PC_HH,SE11,2018,92.91,SE,2,160.0,SWE
A,PC_HH,SE11,2019,93.49,SE,2,161.0,SWE
A,PC_HH,SE11,2020,94.76,SE,2,167.0,SWE
A,PC_HH,SE11,2021,93.47,SE,2,164.0,SWE
A,PC_HH,SE12,2010,81.9,SE,2,109.0,SWE
A,PC_HH,SE12,2011,86.03,SE,2,110.0,SWE
A,PC_HH,SE12,2012,85.12,SE,2,112.0,SWE
A,PC_HH,SE12,2014,88.37,SE,2,107.0,SWE
A,PC_HH,SE12,2015,81.97,SE,2,107.0,SWE
A,PC_HH,SE12,2016,89.07,SE,2,106.0,SWE
A,PC_HH,SE12,2017,92.67,SE,2,104.0,SWE
A,PC_HH,SE12,2018,91.12,SE,2,102.0,SWE
A,PC_HH,SE12,2019,95.2,SE,2,99.0,SWE
A,PC_HH,SE12,2020,92.13,SE,2,103.0,SWE
A,PC_HH,SE12,2021,93.38,SE,2,102.0,SWE
A,PC_HH,SE21,2010,78.14,SE,2,108.0,SWE
A,PC_HH,SE21,2011,83.51,SE,2,110.0,SWE
A,PC_HH,SE21,2012,85.77,SE,2,110.0,SWE
A,PC_HH,SE21,2014,85.36,SE,2,107.0,SWE
A,PC_HH,SE21,2015,75.63,SE,2,107.0,SWE
A,PC_HH,SE21,2016,83.03,SE,2,106.0,SWE
A,PC_HH,SE21,2017,88.65,SE,2,104.0,SWE
A,PC_HH,SE21,2018,90.93,SE,2,101.0,SWE
A,PC_HH,SE21,2019,98.3,SE,2,99.0,SWE
A,PC_HH,SE21,2020,91.03,SE,2,102.0,SWE
A,PC_HH,SE21,2021,90.29,SE,2,103.0,SWE
A,PC_HH,SE22,2010,83.76,SE,2,110.0,SWE
A,PC_HH,SE22,2011,86.89,SE,2,109.0,SWE
A,PC_HH,SE22,2012,87.93,SE,2,110.0,SWE
A,PC_HH,SE22,2014,84.63,SE,2,108.0,SWE
A,PC_HH,SE22,2015,80.05,SE,2,108.0,SWE
A,PC_HH,SE22,2016,92.72,SE,2,103.0,SWE
A,PC_HH,SE22,2017,90.05,SE,2,101.0,SWE
A,PC_HH,SE22,2018,93.94,SE,2,100.0,SWE
A,PC_HH,SE22,2019,93.79,SE,2,100.0,SWE
A,PC_HH,SE22,2020,88.11,SE,2,105.0,SWE
A,PC_HH,SE22,2021,91.31,SE,2,102.0,SWE
A,PC_HH,SE23,2010,82.98,SE,2,121.0,SWE
A,PC_HH,SE23,2011,83.01,SE,2,122.0,SWE
A,PC_HH,SE23,2012,87.69,SE,2,123.0,SWE
A,PC_HH,SE23,2014,90.31,SE,2,120.0,SWE
A,PC_HH,SE23,2015,86.24,SE,2,124.0,SWE
A,PC_HH,SE23,2016,88.61,SE,2,121.0,SWE
A,PC_HH,SE23,2017,94.1,SE,2,117.0,SWE
A,PC_HH,SE23,2018,92.23,SE,2,114.0,SWE
A,PC_HH,SE23,2019,95.65,SE,2,113.0,SWE
A,PC_HH,SE23,2020,91.42,SE,2,114.0,SWE
A,PC_HH,SE23,2021,88.9,SE,2,114.0,SWE
A,PC_HH,SE31,2010,80.11,SE,2,103.0,SWE
A,PC_HH,SE31,2011,79.66,SE,2,103.0,SWE
A,PC_HH,SE31,2012,83.43,SE,2,105.0,SWE
A,PC_HH,SE31,2014,77.76,SE,2,101.0,SWE
A,PC_HH,SE31,2015,78.04,SE,2,99.0,SWE
A,PC_HH,SE31,2016,86.82,SE,2,97.0,SWE
A,PC_HH,SE31,2017,88.32,SE,2,95.0,SWE
A,PC_HH,SE31,2018,88.94,SE,2,95.0,SWE
A,PC_HH,SE31,2019,92.68,SE,2,94.0,SWE
A,PC_HH,SE31,2020,84.07,SE,2,96.0,SWE
A,PC_HH,SE31,2021,89.8,SE,2,95.0,SWE
A,PC_HH,SE32,2010,74.91,SE,2,118.0,SWE
A,PC_HH,SE32,2011,82.42,SE,2,114.0,SWE
A,PC_HH,SE32,2012,84.29,SE,2,114.0,SWE
A,PC_HH,SE32,2014,84.47,SE,2,109.0,SWE
A,PC_HH,SE32,2015,85.02,SE,2,107.0,SWE
A,PC_HH,SE32,2016,81.95,SE,2,103.0,SWE
A,PC_HH,SE32,2017,100.0,SE,2,101.0,SWE
A,PC_HH,SE32,2018,80.31,SE,2,100.0,SWE
A,PC_HH,SE32,2019,97.49,SE,2,99.0,SWE
A,PC_HH,SE32,2020,91.03,SE,2,101.0,SWE
A,PC_HH,SE32,2021,90.34,SE,2,103.0,SWE
A,PC_HH,SE33,2010,78.59,SE,2,127.0,SWE
A,PC_HH,SE33,2011,85.75,SE,2,128.0,SWE
A,PC_HH,SE33,2012,86.36,SE,2,126.0,SWE
A,PC_HH,SE33,2014,85.33,SE,2,116.0,SWE
A,PC_HH,SE33,2015,90.66,SE,2,114.0,SWE
A,PC_HH,SE33,2016,84.85,SE,2,111.0,SWE
A,PC_HH,SE33,2017,96.94,SE,2,114.0,SWE
A,PC_HH,SE33,2018,89.53,SE,2,112.0,SWE
A,PC_HH,SE33,2019,96.14,SE,2,115.0,SWE
A,PC_HH,SE33,2020,87.32,SE,2,116.0,SWE
A,PC_HH,SE33,2021,82.86,SE,2,126.0,SWE
A,PC_HH,SK01,2010,57.04,SK,2,190.0,SVK
A,PC_HH,SK01,2011,57.44,SK,2,193.0,SVK
A,PC_HH,SK01,2012,79.9,SK,2,191.0,SVK
A,PC_HH,SK01,2013,72.24,SK,2,197.0,SVK
A,PC_HH,SK01,2014,77.69,SK,2,193.0,SVK
A,PC_HH,SK01,2015,77.68,SK,2,194.0,SVK
A,PC_HH,SK01,2016,84.25,SK,2,181.0,SVK
A,PC_HH,SK01,2017,83.75,SK,2,171.0,SVK
A,PC_HH,SK01,2018,87.01,SK,2,167.0,SVK
A,PC_HH,SK01,2019,82.61,SK,2,162.0,SVK
A,PC_HH,SK01,2020,89.94,SK,2,170.0,SVK
A,PC_HH,SK01,2021,96.14,SK,2,158.0,SVK
A,PC_HH,SK02,2010,47.94,SK,2,69.0,SVK
A,PC_HH,SK02,2011,60.35,SK,2,71.0,SVK
A,PC_HH,SK02,2012,70.96,SK,2,72.0,SVK
A,PC_HH,SK02,2013,73.09,SK,2,71.0,SVK
A,PC_HH,SK02,2014,75.88,SK,2,72.0,SVK
A,PC_HH,SK02,2015,76.84,SK,2,70.0,SVK
A,PC_HH,SK02,2016,77.29,SK,2,66.0,SVK
A,PC_HH,SK02,2017,75.97,SK,2,63.0,SVK
A,PC_HH,SK02,2018,79.9,SK,2,62.0,SVK
A,PC_HH,SK02,2019,80.66,SK,2,64.0,SVK
A,PC_HH,SK02,2020,84.1,SK,2,68.0,SVK
A,PC_HH,SK02,2021,89.38,SK,2,66.0,SVK
A,PC_HH,SK03,2010,42.69,SK,2,62.0,SVK
A,PC_HH,SK03,2011,51.49,SK,2,59.0,SVK
A,PC_HH,SK03,2012,67.27,SK,2,60.0,SVK
A,PC_HH,SK03,2013,65.37,SK,2,61.0,SVK
A,PC_HH,SK03,2014,74.28,SK,2,61.0,SVK
A,PC_HH,SK03,2015,77.2,SK,2,62.0,SVK
A,PC_HH,SK03,2016,73.56,SK,2,58.0,SVK
A,PC_HH,SK03,2017,76.96,SK,2,56.0,SVK
A,PC_HH,SK03,2018,75.18,SK,2,56.0,SVK
A,PC_HH,SK03,2019,78.41,SK,2,57.0,SVK
A,PC_HH,SK03,2020,83.32,SK,2,59.0,SVK
A,PC_HH,SK03,2021,90.51,SK,2,62.0,SVK
A,PC_HH,SK04,2010,53.83,SK,2,51.0,SVK
A,PC_HH,SK04,2011,51.26,SK,2,51.0,SVK
A,PC_HH,SK04,2012,74.42,SK,2,53.0,SVK
A,PC_HH,SK04,2013,69.94,SK,2,52.0,SVK
A,PC_HH,SK04,2014,78.43,SK,2,54.0,SVK
A,PC_HH,SK04,2015,78.91,SK,2,55.0,SVK
A,PC_HH,SK04,2016,80.48,SK,2,50.0,SVK
A,PC_HH,SK04,2017,82.14,SK,2,50.0,SVK
A,PC_HH,SK04,2018,77.37,SK,2,50.0,SVK
A,PC_HH,SK04,2019,80.65,SK,2,49.0,SVK
A,PC_HH,SK04,2020,84.11,SK,2,53.0,SVK
A,PC_HH,SK04,2021,87.04,SK,2,54.0,SVK
