country,year,ntl_sum,ntl_lit,sensor
CYP,2009,111715.0,4489,DMSP
FRA,2009,10844172.0,561728,DMSP
UKR,2009,2879669.0,136681,DMSP
BLR,2009,887344.0,48753,DMSP
LTU,2009,346274.0,18064,DMSP
CZE,2009,1988960.0,117203,DMSP
DEU,2009,9500205.0,504104,DMSP
EST,2009,397918.0,18613,DMSP
LVA,2009,248018.0,12380,DMSP
SWE,2009,3862857.0,200116,DMSP
FIN,2009,3885957.0,180645,DMSP
LUX,2009,102446.0,4673,DMSP
BEL,2009,1674450.0,53538,DMSP
GEO,2009,139459.0,6510,DMSP
AZE,2009,321255.0,13470,DMSP
ESP,2009,7051890.0,281152,DMSP
ARM,2009,100378.0,5019,DMSP
DNK,2009,856210.0,45832,DMSP
ROU,2009,1804779.0,95740,DMSP
HUN,2009,1029605.0,65125,DMSP
SVK,2009,624715.0,40168,DMSP
POL,2009,6169404.0,366757,DMSP
IRL,2009,1097631.0,60637,DMSP
GRC,2009,1412370.0,63875,DMSP
AUT,2009,1416950.0,85979,DMSP
ITA,2009,8872384.0,348773,DMSP
NLD,2009,1793262.0,66291,DMSP
HRV,2009,774180.0,45407,DMSP
SVN,2009,353799.0,21009,DMSP
BGR,2009,757354.0,32584,DMSP
PRT,2009,1747395.0,70015,DMSP
MDA,2009,147308.0,5096,DMSP
MLT,2009,22349.0,473,DMSP
CYP,2010,119462.0,4222,DMSP
FRA,2010,11302616.0,503477,DMSP
UKR,2010,3715970.0,128809,DMSP
BLR,2010,1802833.0,65274,DMSP
LTU,2010,827565.0,32360,DMSP
CZE,2010,2404465.0,115780,DMSP
DEU,2010,12202273.0,551815,DMSP
EST,2010,634190.0,25625,DMSP
LVA,2010,513768.0,18864,DMSP
SWE,2010,6110634.0,252361,DMSP
FIN,2010,4862738.0,189718,DMSP
LUX,2010,137480.0,4684,DMSP
BEL,2010,1954147.0,54285,DMSP
GEO,2010,158173.0,5851,DMSP
AZE,2010,372248.0,12235,DMSP
ESP,2010,6750377.0,238934,DMSP
ARM,2010,105243.0,3998,DMSP
DNK,2010,1407675.0,67994,DMSP
ROU,2010,1806508.0,77106,DMSP
HUN,2010,1109227.0,54072,DMSP
SVK,2010,748027.0,39055,DMSP
POL,2010,9450347.0,461285,DMSP
IRL,2010,1215230.0,54618,DMSP
GRC,2010,1392987.0,53935,DMSP
AUT,2010,1542049.0,77178,DMSP
ITA,2010,8792816.0,319273,DMSP
NLD,2010,2107731.0,66625,DMSP
HRV,2010,835039.0,41240,DMSP
SVN,2010,382334.0,18866,DMSP
BGR,2010,777039.0,27346,DMSP
PRT,2010,1742771.0,61417,DMSP
MDA,2010,174074.0,5161,DMSP
MLT,2010,23253.0,473,DMSP
CYP,2011,112537.0,3926,DMSP
FRA,2011,9868164.0,406509,DMSP
UKR,2011,3568383.0,118697,DMSP
BLR,2011,1646463.0,54898,DMSP
LTU,2011,618699.0,20166,DMSP
CZE,2011,1718293.0,84905,DMSP
DEU,2011,8900393.0,397924,DMSP
EST,2011,403578.0,15715,DMSP
LVA,2011,343411.0,12204,DMSP
SWE,2011,4634187.0,201179,DMSP
FIN,2011,3658525.0,153281,DMSP
LUX,2011,104516.0,4619,DMSP
BEL,2011,1630175.0,50920,DMSP
GEO,2011,203600.0,7078,DMSP
AZE,2011,360975.0,11460,DMSP
ESP,2011,6715725.0,230102,DMSP
ARM,2011,130107.0,5006,DMSP
DNK,2011,839051.0,34265,DMSP
ROU,2011,2113055.0,80055,DMSP
HUN,2011,966732.0,40118,DMSP
SVK,2011,637057.0,29379,DMSP
POL,2011,7010351.0,349059,DMSP
IRL,2011,952900.0,39896,DMSP
GRC,2011,1326317.0,51776,DMSP
AUT,2011,1281510.0,60349,DMSP
ITA,2011,8747197.0,309357,DMSP
NLD,2011,1686821.0,60608,DMSP
HRV,2011,761319.0,35515,DMSP
SVN,2011,302626.0,14173,DMSP
BGR,2011,770934.0,26423,DMSP
PRT,2011,1829839.0,63128,DMSP
MDA,2011,174538.0,4813,DMSP
MLT,2011,22747.0,471,DMSP
CYP,2012,117842.0,4350,DMSP
FRA,2012,10828421.0,490034,DMSP
UKR,2012,4155559.0,168936,DMSP
BLR,2012,1782575.0,89410,DMSP
LTU,2012,602942.0,28968,DMSP
CZE,2012,2137137.0,111838,DMSP
DEU,2012,10072964.0,482470,DMSP
EST,2012,543033.0,24816,DMSP
LVA,2012,389874.0,18137,DMSP
SWE,2012,5252581.0,247473,DMSP
FIN,2012,4806698.0,207431,DMSP
LUX,2012,120410.0,4688,DMSP
BEL,2012,1816947.0,53011,DMSP
GEO,2012,245506.0,10589,DMSP
AZE,2012,469223.0,18067,DMSP
ESP,2012,6802887.0,250632,DMSP
ARM,2012,160674.0,6801,DMSP
DNK,2012,1055644.0,52976,DMSP
ROU,2012,2324656.0,113921,DMSP
HUN,2012,1117556.0,60603,DMSP
SVK,2012,758246.0,42819,DMSP
POL,2012,8429495.0,444938,DMSP
IRL,2012,1086096.0,50980,DMSP
GRC,2012,1428609.0,58875,DMSP
AUT,2012,1554982.0,80539,DMSP
ITA,2012,9545498.0,336274,DMSP
NLD,2012,1895852.0,64073,DMSP
HRV,2012,943369.0,48001,DMSP
SVN,2012,355721.0,18732,DMSP
BGR,2012,884814.0,39177,DMSP
PRT,2012,1855587.0,69441,DMSP
MDA,2012,235417.0,7922,DMSP
MLT,2012,23067.0,467,DMSP
CYP,2013,118039.0,4237,DMSP
FRA,2013,10511957.0,461050,DMSP
UKR,2013,3227612.0,116503,DMSP
BLR,2013,1372093.0,57254,DMSP
LTU,2013,421834.0,19117,DMSP
CZE,2013,1592108.0,80431,DMSP
DEU,2013,8970836.0,422714,DMSP
EST,2013,439004.0,19737,DMSP
LVA,2013,315169.0,14117,DMSP
SWE,2013,4661245.0,227897,DMSP
FIN,2013,4675601.0,207046,DMSP
LUX,2013,112755.0,4684,DMSP
BEL,2013,1725344.0,52363,DMSP
GEO,2013,225835.0,9464,DMSP
AZE,2013,451470.0,16716,DMSP
ESP,2013,6414580.0,231860,DMSP
ARM,2013,141103.0,6162,DMSP
DNK,2013,908366.0,40740,DMSP
ROU,2013,1819723.0,68615,DMSP
HUN,2013,922430.0,40034,DMSP
SVK,2013,691774.0,35756,DMSP
POL,2013,6017564.0,305923,DMSP
IRL,2013,1032758.0,44900,DMSP
GRC,2013,1419651.0,55915,DMSP
AUT,2013,1350022.0,68184,DMSP
ITA,2013,8937297.0,323067,DMSP
NLD,2013,1776944.0,63875,DMSP
HRV,2013,815120.0,38794,DMSP
SVN,2013,318736.0,16091,DMSP
BGR,2013,734497.0,26989,DMSP
PRT,2013,1720293.0,64365,DMSP
MDA,2013,183756.0,5343,DMSP
MLT,2013,23656.0,467,DMSP
CYP,2014,101106.0,3994,VIIRSsim
FRA,2014,6696073.0,250698,VIIRSsim
UKR,2014,1658061.0,57264,VIIRSsim
BLR,2014,611099.0,19706,VIIRSsim
LTU,2014,229846.0,7484,VIIRSsim
CZE,2014,986538.0,36722,VIIRSsim
DEU,2014,4406245.0,164629,VIIRSsim
EST,2014,290650.0,8978,VIIRSsim
LVA,2014,213869.0,7253,VIIRSsim
SWE,2014,2860732.0,88885,VIIRSsim
FIN,2014,2921329.0,91205,VIIRSsim
LUX,2014,87967.0,3191,VIIRSsim
BEL,2014,1460180.0,43019,VIIRSsim
GEO,2014,224852.0,11410,VIIRSsim
AZE,2014,460044.0,23356,VIIRSsim
ESP,2014,5307274.0,202672,VIIRSsim
ARM,2014,64193.0,3376,VIIRSsim
DNK,2014,403592.0,14103,VIIRSsim
ROU,2014,1215627.0,53973,VIIRSsim
HUN,2014,651385.0,23629,VIIRSsim
SVK,2014,339615.0,12809,VIIRSsim
POL,2014,4096389.0,138003,VIIRSsim
IRL,2014,466080.0,15806,VIIRSsim
GRC,2014,1118371.0,51772,VIIRSsim
AUT,2014,550541.0,22336,VIIRSsim
ITA,2014,8115869.0,294346,VIIRSsim
NLD,2014,1429831.0,42530,VIIRSsim
HRV,2014,575393.0,23981,VIIRSsim
SVN,2014,175825.0,7332,VIIRSsim
BGR,2014,524678.0,25551,VIIRSsim
PRT,2014,1678232.0,65664,VIIRSsim
MDA,2014,73688.0,2450,VIIRSsim
MLT,2014,23302.0,467,VIIRSsim
CYP,2015,99733.0,3818,VIIRSsim
FRA,2015,6491425.0,237887,VIIRSsim
UKR,2015,1212602.0,42476,VIIRSsim
BLR,2015,447030.0,14971,VIIRSsim
LTU,2015,181544.0,6189,VIIRSsim
CZE,2015,972260.0,36513,VIIRSsim
DEU,2015,4639397.0,171009,VIIRSsim
EST,2015,231030.0,7140,VIIRSsim
LVA,2015,180917.0,6255,VIIRSsim
SWE,2015,3044372.0,93692,VIIRSsim
FIN,2015,3065095.0,94469,VIIRSsim
LUX,2015,88887.0,3219,VIIRSsim
BEL,2015,1465777.0,43172,VIIRSsim
GEO,2015,206705.0,9863,VIIRSsim
AZE,2015,424403.0,20023,VIIRSsim
ESP,2015,5155959.0,192251,VIIRSsim
ARM,2015,51935.0,2441,VIIRSsim
DNK,2015,454527.0,15052,VIIRSsim
ROU,2015,998468.0,40125,VIIRSsim
HUN,2015,581675.0,20851,VIIRSsim
SVK,2015,353840.0,13232,VIIRSsim
POL,2015,3506549.0,119682,VIIRSsim
IRL,2015,522368.0,16721,VIIRSsim
GRC,2015,1055821.0,46384,VIIRSsim
AUT,2015,527449.0,21443,VIIRSsim
ITA,2015,7915548.0,280238,VIIRSsim
NLD,2015,1453324.0,43231,VIIRSsim
HRV,2015,505028.0,21269,VIIRSsim
SVN,2015,149685.0,6461,VIIRSsim
BGR,2015,456282.0,19637,VIIRSsim
PRT,2015,1658095.0,64013,VIIRSsim
MDA,2015,54404.0,1936,VIIRSsim
MLT,2015,22948.0,464,VIIRSsim
CYP,2016,99935.0,3757,VIIRSsim
FRA,2016,6039142.0,217485,VIIRSsim
UKR,2016,1491081.0,52708,VIIRSsim
BLR,2016,645703.0,20698,VIIRSsim
LTU,2016,274930.0,9081,VIIRSsim
CZE,2016,1029292.0,38396,VIIRSsim
DEU,2016,4300647.0,161464,VIIRSsim
EST,2016,373108.0,11495,VIIRSsim
LVA,2016,261199.0,8423,VIIRSsim
SWE,2016,3378152.0,105921,VIIRSsim
FIN,2016,3508359.0,105505,VIIRSsim
LUX,2016,88456.0,3265,VIIRSsim
BEL,2016,1447216.0,43189,VIIRSsim
GEO,2016,220639.0,10419,VIIRSsim
AZE,2016,393627.0,18218,VIIRSsim
ESP,2016,4947566.0,179816,VIIRSsim
ARM,2016,58777.0,2799,VIIRSsim
DNK,2016,413411.0,14630,VIIRSsim
ROU,2016,1022183.0,40208,VIIRSsim
HUN,2016,598478.0,21711,VIIRSsim
SVK,2016,368242.0,13975,VIIRSsim
POL,2016,3994347.0,135801,VIIRSsim
IRL,2016,451984.0,15407,VIIRSsim
GRC,2016,1057591.0,46672,VIIRSsim
AUT,2016,529682.0,21633,VIIRSsim
ITA,2016,7882844.0,278083,VIIRSsim
NLD,2016,1392034.0,41921,VIIRSsim
HRV,2016,525782.0,22015,VIIRSsim
SVN,2016,158823.0,6805,VIIRSsim
BGR,2016,477719.0,20983,VIIRSsim
PRT,2016,1678310.0,62863,VIIRSsim
MDA,2016,62103.0,2145,VIIRSsim
MLT,2016,22601.0,464,VIIRSsim
CYP,2017,124456.0,5725,VIIRSsim
FRA,2017,7313715.0,289691,VIIRSsim
UKR,2017,1985443.0,61777,VIIRSsim
BLR,2017,608803.0,18140,VIIRSsim
LTU,2017,289275.0,9145,VIIRSsim
CZE,2017,1458892.0,51252,VIIRSsim
DEU,2017,5687482.0,199017,VIIRSsim
EST,2017,299201.0,8648,VIIRSsim
LVA,2017,251205.0,8196,VIIRSsim
SWE,2017,3369599.0,102975,VIIRSsim
FIN,2017,3383762.0,101934,VIIRSsim
LUX,2017,95543.0,3713,VIIRSsim
BEL,2017,1499183.0,44589,VIIRSsim
GEO,2017,380450.0,25661,VIIRSsim
AZE,2017,604231.0,41823,VIIRSsim
ESP,2017,6410206.0,306732,VIIRSsim
ARM,2017,117068.0,8065,VIIRSsim
DNK,2017,464119.0,15326,VIIRSsim
ROU,2017,1600928.0,77206,VIIRSsim
HUN,2017,863876.0,28713,VIIRSsim
SVK,2017,517977.0,18225,VIIRSsim
POL,2017,4883092.0,158486,VIIRSsim
IRL,2017,544379.0,16251,VIIRSsim
GRC,2017,1602773.0,92280,VIIRSsim
AUT,2017,777778.0,29125,VIIRSsim
ITA,2017,9455024.0,372780,VIIRSsim
NLD,2017,1479985.0,43753,VIIRSsim
HRV,2017,722647.0,33597,VIIRSsim
SVN,2017,214692.0,8479,VIIRSsim
BGR,2017,875138.0,60544,VIIRSsim
PRT,2017,1992129.0,91335,VIIRSsim
MDA,2017,78920.0,2552,VIIRSsim
MLT,2017,23145.0,467,VIIRSsim
CYP,2018,120625.0,5328,VIIRSsim
FRA,2018,7013730.0,277206,VIIRSsim
UKR,2018,2552768.0,86552,VIIRSsim
BLR,2018,903676.0,28800,VIIRSsim
LTU,2018,399214.0,12226,VIIRSsim
CZE,2018,1459484.0,53396,VIIRSsim
DEU,2018,5736247.0,205589,VIIRSsim
EST,2018,512476.0,16001,VIIRSsim
LVA,2018,356349.0,11240,VIIRSsim
SWE,2018,4656953.0,144642,VIIRSsim
FIN,2018,4276425.0,124301,VIIRSsim
LUX,2018,107177.0,4243,VIIRSsim
BEL,2018,1546461.0,45640,VIIRSsim
GEO,2018,286477.0,16548,VIIRSsim
AZE,2018,481452.0,30033,VIIRSsim
ESP,2018,6102584.0,286144,VIIRSsim
ARM,2018,76092.0,4533,VIIRSsim
DNK,2018,563581.0,18167,VIIRSsim
ROU,2018,1702161.0,82160,VIIRSsim
HUN,2018,807858.0,28103,VIIRSsim
SVK,2018,489394.0,17923,VIIRSsim
POL,2018,5614504.0,189614,VIIRSsim
IRL,2018,659308.0,18509,VIIRSsim
GRC,2018,1422775.0,75017,VIIRSsim
AUT,2018,768414.0,29728,VIIRSsim
ITA,2018,9133889.0,352864,VIIRSsim
NLD,2018,1501055.0,44478,VIIRSsim
HRV,2018,690186.0,31365,VIIRSsim
SVN,2018,229703.0,9265,VIIRSsim
BGR,2018,686539.0,42284,VIIRSsim
PRT,2018,1852770.0,84021,VIIRSsim
MDA,2018,119433.0,4069,VIIRSsim
MLT,2018,22937.0,467,VIIRSsim
CYP,2019,125585.0,5323,VIIRSsim
FRA,2019,7302242.0,286929,VIIRSsim
UKR,2019,2129533.0,69778,VIIRSsim
BLR,2019,694958.0,21850,VIIRSsim
LTU,2019,389381.0,11676,VIIRSsim
CZE,2019,1479720.0,53028,VIIRSsim
DEU,2019,5860320.0,203600,VIIRSsim
EST,2019,478901.0,13770,VIIRSsim
LVA,2019,386756.0,11209,VIIRSsim
SWE,2019,4122994.0,125903,VIIRSsim
FIN,2019,4079876.0,119603,VIIRSsim
LUX,2019,97689.0,3506,VIIRSsim
BEL,2019,1597916.0,44323,VIIRSsim
GEO,2019,387121.0,24553,VIIRSsim
AZE,2019,606153.0,39422,VIIRSsim
ESP,2019,6576832.0,293067,VIIRSsim
ARM,2019,120438.0,7718,VIIRSsim
DNK,2019,545320.0,17694,VIIRSsim
ROU,2019,1895179.0,93137,VIIRSsim
HUN,2019,945882.0,33419,VIIRSsim
SVK,2019,548425.0,20033,VIIRSsim
POL,2019,5245645.0,170884,VIIRSsim
IRL,2019,621938.0,17747,VIIRSsim
GRC,2019,1701852.0,88110,VIIRSsim
AUT,2019,855458.0,32946,VIIRSsim
ITA,2019,9966418.0,363640,VIIRSsim
NLD,2019,1605795.0,46143,VIIRSsim
HRV,2019,717314.0,32707,VIIRSsim
SVN,2019,212799.0,8664,VIIRSsim
BGR,2019,835079.0,55872,VIIRSsim
PRT,2019,2025288.0,84311,VIIRSsim
MDA,2019,112642.0,3817,VIIRSsim
MLT,2019,23810.0,467,VIIRSsim
CYP,2020,122845.0,5236,VIIRSsim
FRA,2020,7223208.0,265966,VIIRSsim
UKR,2020,1782478.0,60769,VIIRSsim
BLR,2020,489454.0,16624,VIIRSsim
LTU,2020,252729.0,8477,VIIRSsim
CZE,2020,1250369.0,44997,VIIRSsim
DEU,2020,5723769.0,202473,VIIRSsim
EST,2020,259657.0,8066,VIIRSsim
LVA,2020,205929.0,6866,VIIRSsim
SWE,2020,2931302.0,91797,VIIRSsim
FIN,2020,2916965.0,91618,VIIRSsim
LUX,2020,101869.0,3835,VIIRSsim
BEL,2020,1606911.0,44855,VIIRSsim
GEO,2020,415634.0,21861,VIIRSsim
AZE,2020,559865.0,27750,VIIRSsim
ESP,2020,6814398.0,284096,VIIRSsim
ARM,2020,123639.0,6006,VIIRSsim
DNK,2020,505422.0,16592,VIIRSsim
ROU,2020,1690408.0,71773,VIIRSsim
HUN,2020,845484.0,28815,VIIRSsim
SVK,2020,466368.0,16953,VIIRSsim
POL,2020,4489186.0,149445,VIIRSsim
IRL,2020,615815.0,17943,VIIRSsim
GRC,2020,1649090.0,78812,VIIRSsim
AUT,2020,754948.0,29394,VIIRSsim
ITA,2020,9882503.0,353400,VIIRSsim
NLD,2020,1611104.0,46081,VIIRSsim
HRV,2020,671134.0,29912,VIIRSsim
SVN,2020,199479.0,7902,VIIRSsim
BGR,2020,741199.0,36159,VIIRSsim
PRT,2020,1946526.0,82264,VIIRSsim
MDA,2020,98364.0,3553,VIIRSsim
MLT,2020,19903.0,373,VIIRSsim
CYP,2021,129642.0,5757,VIIRSsim
FRA,2021,7848104.0,284383,VIIRSsim
UKR,2021,3243851.0,99119,VIIRSsim
BLR,2021,1240128.0,34752,VIIRSsim
LTU,2021,704198.0,19035,VIIRSsim
CZE,2021,1741305.0,62428,VIIRSsim
DEU,2021,7381606.0,252114,VIIRSsim
EST,2021,635233.0,18607,VIIRSsim
LVA,2021,578372.0,15973,VIIRSsim
SWE,2021,5429069.0,162818,VIIRSsim
FIN,2021,4566405.0,129809,VIIRSsim
LUX,2021,106440.0,4112,VIIRSsim
BEL,2021,1698718.0,46251,VIIRSsim
GEO,2021,505041.0,26829,VIIRSsim
AZE,2021,688216.0,34170,VIIRSsim
ESP,2021,7683258.0,324033,VIIRSsim
ARM,2021,177697.0,8127,VIIRSsim
DNK,2021,795981.0,24564,VIIRSsim
ROU,2021,2362263.0,103878,VIIRSsim
HUN,2021,1124284.0,36519,VIIRSsim
SVK,2021,628820.0,22504,VIIRSsim
POL,2021,7008069.0,233210,VIIRSsim
IRL,2021,636189.0,17663,VIIRSsim
GRC,2021,2031935.0,98174,VIIRSsim
AUT,2021,997238.0,36181,VIIRSsim
ITA,2021,10624484.0,383863,VIIRSsim
NLD,2021,1741675.0,49365,VIIRSsim
HRV,2021,784637.0,34649,VIIRSsim
SVN,2021,257949.0,9794,VIIRSsim
BGR,2021,989196.0,49616,VIIRSsim
PRT,2021,2052737.0,87230,VIIRSsim
MDA,2021,161724.0,5304,VIIRSsim
MLT,2021,23924.0,467,VIIRSsim
CYP,2022,124882.0,5528,VIIRSsim
FRA,2022,7443987.0,260998,VIIRSsim
UKR,2022,1192158.0,37425,VIIRSsim
BLR,2022,949305.0,26139,VIIRSsim
LTU,2022,478854.0,12943,VIIRSsim
CZE,2022,1452734.0,50343,VIIRSsim
DEU,2022,6554562.0,221491,VIIRSsim
EST,2022,585712.0,16731,VIIRSsim
LVA,2022,460059.0,12145,VIIRSsim
SWE,2022,4527734.0,135551,VIIRSsim
FIN,2022,4481075.0,130964,VIIRSsim
LUX,2022,104431.0,4007,VIIRSsim
BEL,2022,1567145.0,44373,VIIRSsim
GEO,2022,495496.0,26597,VIIRSsim
AZE,2022,687108.0,32972,VIIRSsim
ESP,2022,7069366.0,295426,VIIRSsim
ARM,2022,172210.0,7785,VIIRSsim
DNK,2022,686254.0,20754,VIIRSsim
ROU,2022,2217061.0,91055,VIIRSsim
HUN,2022,1068130.0,32881,VIIRSsim
SVK,2022,575404.0,19632,VIIRSsim
POL,2022,5622605.0,178227,VIIRSsim
IRL,2022,701004.0,18968,VIIRSsim
GRC,2022,1968627.0,94116,VIIRSsim
AUT,2022,971073.0,34315,VIIRSsim
ITA,2022,10222127.0,363848,VIIRSsim
NLD,2022,1656904.0,48289,VIIRSsim
HRV,2022,756451.0,33291,VIIRSsim
SVN,2022,248298.0,9167,VIIRSsim
BGR,2022,929829.0,45860,VIIRSsim
PRT,2022,2007159.0,85030,VIIRSsim
MDA,2022,150813.0,4708,VIIRSsim
MLT,2022,24005.0,467,VIIRSsim
CYP,2023,136870.0,6137,VIIRSsim
FRA,2023,6272662.0,214870,VIIRSsim
UKR,2023,903985.0,25141,VIIRSsim
BLR,2023,1112315.0,29825,VIIRSsim
LTU,2023,436271.0,11716,VIIRSsim
CZE,2023,1464235.0,50925,VIIRSsim
DEU,2023,6386761.0,215074,VIIRSsim
EST,2023,552229.0,16187,VIIRSsim
LVA,2023,455531.0,11897,VIIRSsim
SWE,2023,4916090.0,147829,VIIRSsim
FIN,2023,4716057.0,136866,VIIRSsim
LUX,2023,87903.0,2855,VIIRSsim
BEL,2023,1241178.0,37002,VIIRSsim
GEO,2023,798217.0,40157,VIIRSsim
AZE,2023,1103066.0,51278,VIIRSsim
ESP,2023,8512628.0,360205,VIIRSsim
ARM,2023,324714.0,12554,VIIRSsim
DNK,2023,671005.0,19987,VIIRSsim
ROU,2023,2562202.0,105159,VIIRSsim
HUN,2023,1134126.0,34550,VIIRSsim
SVK,2023,578797.0,18931,VIIRSsim
POL,2023,5072182.0,157836,VIIRSsim
IRL,2023,700507.0,19168,VIIRSsim
GRC,2023,2254741.0,107673,VIIRSsim
AUT,2023,972436.0,34037,VIIRSsim
ITA,2023,10415970.0,383912,VIIRSsim
NLD,2023,1570012.0,46685,VIIRSsim
HRV,2023,782424.0,34729,VIIRSsim
SVN,2023,248254.0,9017,VIIRSsim
BGR,2023,1246549.0,58293,VIIRSsim
PRT,2023,2172921.0,92793,VIIRSsim
MDA,2023,146942.0,4213,VIIRSsim
MLT,2023,24306.0,467,VIIRSsim
CYP,2024,142416.0,6347,VIIRSsim
FRA,2024,6450907.0,215285,VIIRSsim
UKR,2024,1387499.0,34412,VIIRSsim
BLR,2024,1238782.0,31796,VIIRSsim
LTU,2024,495767.0,13491,VIIRSsim
CZE,2024,1330797.0,45391,VIIRSsim
DEU,2024,6440553.0,217782,VIIRSsim
EST,2024,457306.0,12619,VIIRSsim
LVA,2024,426398.0,11032,VIIRSsim
SWE,2024,5041993.0,151202,VIIRSsim
FIN,2024,4348102.0,129082,VIIRSsim
LUX,2024,88665.0,3231,VIIRSsim
BEL,2024,1314580.0,39444,VIIRSsim
GEO,2024,854564.0,42935,VIIRSsim
AZE,2024,1161769.0,55304,VIIRSsim
ESP,2024,9646628.0,421517,VIIRSsim
ARM,2024,351200.0,14688,VIIRSsim
DNK,2024,803320.0,24679,VIIRSsim
ROU,2024,3005067.0,131117,VIIRSsim
HUN,2024,1195733.0,35505,VIIRSsim
SVK,2024,572996.0,18470,VIIRSsim
POL,2024,5529287.0,175215,VIIRSsim
IRL,2024,714947.0,19701,VIIRSsim
GRC,2024,2577428.0,124824,VIIRSsim
AUT,2024,983217.0,33297,VIIRSsim
ITA,2024,10861323.0,408660,VIIRSsim
NLD,2024,1647477.0,49019,VIIRSsim
HRV,2024,881133.0,38767,VIIRSsim
SVN,2024,266728.0,9410,VIIRSsim
BGR,2024,1610403.0,78498,VIIRSsim
PRT,2024,2308396.0,102380,VIIRSsim
MDA,2024,228273.0,6195,VIIRSsim
MLT,2024,24553.0,467,VIIRSsim
